station,province,latitude,longitude,recorded_date,salinity_gpl,label_source,preprocessing,interpolated
Ganh Hao,bac-lieu,9.2512,105.7144,2024-01-15,12.500,historical_station_dataset,daily_linear_interpolation,false
Ganh Hao,bac-lieu,9.2512,105.7144,2024-01-16,12.613,historical_station_dataset,daily_linear_interpolation,true
Ganh Hao,bac-lieu,9.2512,105.7144,2024-01-17,12.727,historical_station_dataset,daily_linear_interpolation,true
Ganh Hao,bac-lieu,9.2512,105.7144,2024-01-18,12.840,historical_station_dataset,daily_linear_interpolation,true
Ganh Hao,bac-lieu,9.2512,105.7144,2024-01-19,12.953,historical_station_dataset,daily_linear_interpolation,true
Ganh Hao,bac-lieu,9.2512,105.7144,2024-01-20,13.067,historical_station_dataset,daily_linear_interpolation,true
Ganh Hao,bac-lieu,9.2512,105.7144,2024-01-21,13.180,historical_station_dataset,daily_linear_interpolation,true
Ganh Hao,bac-lieu,9.2512,105.7144,2024-01-22,13.293,historical_station_dataset,daily_linear_interpolation,true
Ganh Hao,bac-lieu,9.2512,105.7144,2024-01-23,13.407,historical_station_dataset,daily_linear_interpolation,true
Ganh Hao,bac-lieu,9.2512,105.7144,2024-01-24,13.520,historical_station_dataset,daily_linear_interpolation,true
Ganh Hao,bac-lieu,9.2512,105.7144,2024-01-25,13.633,historical_station_dataset,daily_linear_interpolation,true
Ganh Hao,bac-lieu,9.2512,105.7144,2024-01-26,13.747,historical_station_dataset,daily_linear_interpolation,true
Ganh Hao,bac-lieu,9.2512,105.7144,2024-01-27,13.860,historical_station_dataset,daily_linear_interpolation,true
Ganh Hao,bac-lieu,9.2512,105.7144,2024-01-28,13.973,historical_station_dataset,daily_linear_interpolation,true
Ganh Hao,bac-lieu,9.2512,105.7144,2024-01-29,14.087,historical_station_dataset,daily_linear_interpolation,true
Ganh Hao,bac-lieu,9.2512,105.7144,2024-01-30,14.200,historical_station_dataset,daily_linear_interpolation,false
Ganh Hao,bac-lieu,9.2512,105.7144,2024-01-31,14.362,historical_station_dataset,daily_linear_interpolation,true
Ganh Hao,bac-lieu,9.2512,105.7144,2024-02-01,14.525,historical_station_dataset,daily_linear_interpolation,true
Ganh Hao,bac-lieu,9.2512,105.7144,2024-02-02,14.688,historical_station_dataset,daily_linear_interpolation,true
Ganh Hao,bac-lieu,9.2512,105.7144,2024-02-03,14.850,historical_station_dataset,daily_linear_interpolation,true
Ganh Hao,bac-lieu,9.2512,105.7144,2024-02-04,15.012,historical_station_dataset,daily_linear_interpolation,true
Ganh Hao,bac-lieu,9.2512,105.7144,2024-02-05,15.175,historical_station_dataset,daily_linear_interpolation,true
Ganh Hao,bac-lieu,9.2512,105.7144,2024-02-06,15.338,historical_station_dataset,daily_linear_interpolation,true
Ganh Hao,bac-lieu,9.2512,105.7144,2024-02-07,15.500,historical_station_dataset,daily_linear_interpolation,true
Ganh Hao,bac-lieu,9.2512,105.7144,2024-02-08,15.662,historical_station_dataset,daily_linear_interpolation,true
Ganh Hao,bac-lieu,9.2512,105.7144,2024-02-09,15.825,historical_station_dataset,daily_linear_interpolation,true
Ganh Hao,bac-lieu,9.2512,105.7144,2024-02-10,15.988,historical_station_dataset,daily_linear_interpolation,true
Ganh Hao,bac-lieu,9.2512,105.7144,2024-02-11,16.150,historical_station_dataset,daily_linear_interpolation,true
Ganh Hao,bac-lieu,9.2512,105.7144,2024-02-12,16.312,historical_station_dataset,daily_linear_interpolation,true
Ganh Hao,bac-lieu,9.2512,105.7144,2024-02-13,16.475,historical_station_dataset,daily_linear_interpolation,true
Ganh Hao,bac-lieu,9.2512,105.7144,2024-02-14,16.637,historical_station_dataset,daily_linear_interpolation,true
Ganh Hao,bac-lieu,9.2512,105.7144,2024-02-15,16.800,historical_station_dataset,daily_linear_interpolation,false
Ganh Hao,bac-lieu,9.2512,105.7144,2024-02-16,17.008,historical_station_dataset,daily_linear_interpolation,true
Ganh Hao,bac-lieu,9.2512,105.7144,2024-02-17,17.215,historical_station_dataset,daily_linear_interpolation,true
Ganh Hao,bac-lieu,9.2512,105.7144,2024-02-18,17.423,historical_station_dataset,daily_linear_interpolation,true
Ganh Hao,bac-lieu,9.2512,105.7144,2024-02-19,17.631,historical_station_dataset,daily_linear_interpolation,true
Ganh Hao,bac-lieu,9.2512,105.7144,2024-02-20,17.838,historical_station_dataset,daily_linear_interpolation,true
Ganh Hao,bac-lieu,9.2512,105.7144,2024-02-21,18.046,historical_station_dataset,daily_linear_interpolation,true
Ganh Hao,bac-lieu,9.2512,105.7144,2024-02-22,18.254,historical_station_dataset,daily_linear_interpolation,true
Ganh Hao,bac-lieu,9.2512,105.7144,2024-02-23,18.462,historical_station_dataset,daily_linear_interpolation,true
Ganh Hao,bac-lieu,9.2512,105.7144,2024-02-24,18.669,historical_station_dataset,daily_linear_interpolation,true
Ganh Hao,bac-lieu,9.2512,105.7144,2024-02-25,18.877,historical_station_dataset,daily_linear_interpolation,true
Ganh Hao,bac-lieu,9.2512,105.7144,2024-02-26,19.085,historical_station_dataset,daily_linear_interpolation,true
Ganh Hao,bac-lieu,9.2512,105.7144,2024-02-27,19.292,historical_station_dataset,daily_linear_interpolation,true
Ganh Hao,bac-lieu,9.2512,105.7144,2024-02-28,19.500,historical_station_dataset,daily_linear_interpolation,false
Ganh Hao,bac-lieu,9.2512,105.7144,2024-02-29,19.736,historical_station_dataset,daily_linear_interpolation,true
Ganh Hao,bac-lieu,9.2512,105.7144,2024-03-01,19.973,historical_station_dataset,daily_linear_interpolation,true
Ganh Hao,bac-lieu,9.2512,105.7144,2024-03-02,20.209,historical_station_dataset,daily_linear_interpolation,true
Ganh Hao,bac-lieu,9.2512,105.7144,2024-03-03,20.445,historical_station_dataset,daily_linear_interpolation,true
Ganh Hao,bac-lieu,9.2512,105.7144,2024-03-04,20.682,historical_station_dataset,daily_linear_interpolation,true
Ganh Hao,bac-lieu,9.2512,105.7144,2024-03-05,20.918,historical_station_dataset,daily_linear_interpolation,true
Ganh Hao,bac-lieu,9.2512,105.7144,2024-03-06,21.155,historical_station_dataset,daily_linear_interpolation,true
Ganh Hao,bac-lieu,9.2512,105.7144,2024-03-07,21.391,historical_station_dataset,daily_linear_interpolation,true
Ganh Hao,bac-lieu,9.2512,105.7144,2024-03-08,21.627,historical_station_dataset,daily_linear_interpolation,true
Ganh Hao,bac-lieu,9.2512,105.7144,2024-03-09,21.864,historical_station_dataset,daily_linear_interpolation,true
Ganh Hao,bac-lieu,9.2512,105.7144,2024-03-10,22.100,historical_station_dataset,daily_linear_interpolation,false
Ganh Hao,bac-lieu,9.2512,105.7144,2024-03-11,22.540,historical_station_dataset,daily_linear_interpolation,true
Ganh Hao,bac-lieu,9.2512,105.7144,2024-03-12,22.980,historical_station_dataset,daily_linear_interpolation,true
Ganh Hao,bac-lieu,9.2512,105.7144,2024-03-13,23.420,historical_station_dataset,daily_linear_interpolation,true
Ganh Hao,bac-lieu,9.2512,105.7144,2024-03-14,23.860,historical_station_dataset,daily_linear_interpolation,true
Ganh Hao,bac-lieu,9.2512,105.7144,2024-03-15,24.300,historical_station_dataset,daily_linear_interpolation,false
Ganh Hao,bac-lieu,9.2512,105.7144,2024-03-16,24.600,historical_station_dataset,daily_linear_interpolation,true
Ganh Hao,bac-lieu,9.2512,105.7144,2024-03-17,24.900,historical_station_dataset,daily_linear_interpolation,true
Ganh Hao,bac-lieu,9.2512,105.7144,2024-03-18,25.200,historical_station_dataset,daily_linear_interpolation,true
Ganh Hao,bac-lieu,9.2512,105.7144,2024-03-19,25.500,historical_station_dataset,daily_linear_interpolation,true
Ganh Hao,bac-lieu,9.2512,105.7144,2024-03-20,25.800,historical_station_dataset,daily_linear_interpolation,false
Ganh Hao,bac-lieu,9.2512,105.7144,2024-03-21,25.620,historical_station_dataset,daily_linear_interpolation,true
Ganh Hao,bac-lieu,9.2512,105.7144,2024-03-22,25.440,historical_station_dataset,daily_linear_interpolation,true
Ganh Hao,bac-lieu,9.2512,105.7144,2024-03-23,25.260,historical_station_dataset,daily_linear_interpolation,true
Ganh Hao,bac-lieu,9.2512,105.7144,2024-03-24,25.080,historical_station_dataset,daily_linear_interpolation,true
Ganh Hao,bac-lieu,9.2512,105.7144,2024-03-25,24.900,historical_station_dataset,daily_linear_interpolation,false
Ganh Hao,bac-lieu,9.2512,105.7144,2024-03-26,25.160,historical_station_dataset,daily_linear_interpolation,true
Ganh Hao,bac-lieu,9.2512,105.7144,2024-03-27,25.420,historical_station_dataset,daily_linear_interpolation,true
Ganh Hao,bac-lieu,9.2512,105.7144,2024-03-28,25.680,historical_station_dataset,daily_linear_interpolation,true
Ganh Hao,bac-lieu,9.2512,105.7144,2024-03-29,25.940,historical_station_dataset,daily_linear_interpolation,true
Ganh Hao,bac-lieu,9.2512,105.7144,2024-03-30,26.200,historical_station_dataset,daily_linear_interpolation,false
Ganh Hao,bac-lieu,9.2512,105.7144,2024-03-31,26.417,historical_station_dataset,daily_linear_interpolation,true
Ganh Hao,bac-lieu,9.2512,105.7144,2024-04-01,26.633,historical_station_dataset,daily_linear_interpolation,true
Ganh Hao,bac-lieu,9.2512,105.7144,2024-04-02,26.850,historical_station_dataset,daily_linear_interpolation,true
Ganh Hao,bac-lieu,9.2512,105.7144,2024-04-03,27.067,historical_station_dataset,daily_linear_interpolation,true
Ganh Hao,bac-lieu,9.2512,105.7144,2024-04-04,27.283,historical_station_dataset,daily_linear_interpolation,true
Ganh Hao,bac-lieu,9.2512,105.7144,2024-04-05,27.500,historical_station_dataset,daily_linear_interpolation,false
Ganh Hao,bac-lieu,9.2512,105.7144,2024-04-06,27.620,historical_station_dataset,daily_linear_interpolation,true
Ganh Hao,bac-lieu,9.2512,105.7144,2024-04-07,27.740,historical_station_dataset,daily_linear_interpolation,true
Ganh Hao,bac-lieu,9.2512,105.7144,2024-04-08,27.860,historical_station_dataset,daily_linear_interpolation,true
Ganh Hao,bac-lieu,9.2512,105.7144,2024-04-09,27.980,historical_station_dataset,daily_linear_interpolation,true
Ganh Hao,bac-lieu,9.2512,105.7144,2024-04-10,28.100,historical_station_dataset,daily_linear_interpolation,false
Ganh Hao,bac-lieu,9.2512,105.7144,2024-04-11,27.820,historical_station_dataset,daily_linear_interpolation,true
Ganh Hao,bac-lieu,9.2512,105.7144,2024-04-12,27.540,historical_station_dataset,daily_linear_interpolation,true
Ganh Hao,bac-lieu,9.2512,105.7144,2024-04-13,27.260,historical_station_dataset,daily_linear_interpolation,true
Ganh Hao,bac-lieu,9.2512,105.7144,2024-04-14,26.980,historical_station_dataset,daily_linear_interpolation,true
Ganh Hao,bac-lieu,9.2512,105.7144,2024-04-15,26.700,historical_station_dataset,daily_linear_interpolation,false
Ganh Hao,bac-lieu,9.2512,105.7144,2024-04-16,26.040,historical_station_dataset,daily_linear_interpolation,true
Ganh Hao,bac-lieu,9.2512,105.7144,2024-04-17,25.380,historical_station_dataset,daily_linear_interpolation,true
Ganh Hao,bac-lieu,9.2512,105.7144,2024-04-18,24.720,historical_station_dataset,daily_linear_interpolation,true
Ganh Hao,bac-lieu,9.2512,105.7144,2024-04-19,24.060,historical_station_dataset,daily_linear_interpolation,true
Ganh Hao,bac-lieu,9.2512,105.7144,2024-04-20,23.400,historical_station_dataset,daily_linear_interpolation,false
Ganh Hao,bac-lieu,9.2512,105.7144,2024-04-21,22.680,historical_station_dataset,daily_linear_interpolation,true
Ganh Hao,bac-lieu,9.2512,105.7144,2024-04-22,21.960,historical_station_dataset,daily_linear_interpolation,true
Ganh Hao,bac-lieu,9.2512,105.7144,2024-04-23,21.240,historical_station_dataset,daily_linear_interpolation,true
Ganh Hao,bac-lieu,9.2512,105.7144,2024-04-24,20.520,historical_station_dataset,daily_linear_interpolation,true
Ganh Hao,bac-lieu,9.2512,105.7144,2024-04-25,19.800,historical_station_dataset,daily_linear_interpolation,false
Ganh Hao,bac-lieu,9.2512,105.7144,2024-04-26,18.880,historical_station_dataset,daily_linear_interpolation,true
Ganh Hao,bac-lieu,9.2512,105.7144,2024-04-27,17.960,historical_station_dataset,daily_linear_interpolation,true
Ganh Hao,bac-lieu,9.2512,105.7144,2024-04-28,17.040,historical_station_dataset,daily_linear_interpolation,true
Ganh Hao,bac-lieu,9.2512,105.7144,2024-04-29,16.120,historical_station_dataset,daily_linear_interpolation,true
Ganh Hao,bac-lieu,9.2512,105.7144,2024-04-30,15.2,historical_station_dataset,daily_linear_interpolation,false
Dai Ngai,soc-trang,9.6583,106.0642,2024-01-15,1.200,historical_station_dataset,daily_linear_interpolation,false
Dai Ngai,soc-trang,9.6583,106.0642,2024-01-16,1.260,historical_station_dataset,daily_linear_interpolation,true
Dai Ngai,soc-trang,9.6583,106.0642,2024-01-17,1.320,historical_station_dataset,daily_linear_interpolation,true
Dai Ngai,soc-trang,9.6583,106.0642,2024-01-18,1.380,historical_station_dataset,daily_linear_interpolation,true
Dai Ngai,soc-trang,9.6583,106.0642,2024-01-19,1.440,historical_station_dataset,daily_linear_interpolation,true
Dai Ngai,soc-trang,9.6583,106.0642,2024-01-20,1.500,historical_station_dataset,daily_linear_interpolation,true
Dai Ngai,soc-trang,9.6583,106.0642,2024-01-21,1.560,historical_station_dataset,daily_linear_interpolation,true
Dai Ngai,soc-trang,9.6583,106.0642,2024-01-22,1.620,historical_station_dataset,daily_linear_interpolation,true
Dai Ngai,soc-trang,9.6583,106.0642,2024-01-23,1.680,historical_station_dataset,daily_linear_interpolation,true
Dai Ngai,soc-trang,9.6583,106.0642,2024-01-24,1.740,historical_station_dataset,daily_linear_interpolation,true
Dai Ngai,soc-trang,9.6583,106.0642,2024-01-25,1.800,historical_station_dataset,daily_linear_interpolation,true
Dai Ngai,soc-trang,9.6583,106.0642,2024-01-26,1.860,historical_station_dataset,daily_linear_interpolation,true
Dai Ngai,soc-trang,9.6583,106.0642,2024-01-27,1.920,historical_station_dataset,daily_linear_interpolation,true
Dai Ngai,soc-trang,9.6583,106.0642,2024-01-28,1.980,historical_station_dataset,daily_linear_interpolation,true
Dai Ngai,soc-trang,9.6583,106.0642,2024-01-29,2.040,historical_station_dataset,daily_linear_interpolation,true
Dai Ngai,soc-trang,9.6583,106.0642,2024-01-30,2.100,historical_station_dataset,daily_linear_interpolation,false
Dai Ngai,soc-trang,9.6583,106.0642,2024-01-31,2.188,historical_station_dataset,daily_linear_interpolation,true
Dai Ngai,soc-trang,9.6583,106.0642,2024-02-01,2.275,historical_station_dataset,daily_linear_interpolation,true
Dai Ngai,soc-trang,9.6583,106.0642,2024-02-02,2.362,historical_station_dataset,daily_linear_interpolation,true
Dai Ngai,soc-trang,9.6583,106.0642,2024-02-03,2.450,historical_station_dataset,daily_linear_interpolation,true
Dai Ngai,soc-trang,9.6583,106.0642,2024-02-04,2.538,historical_station_dataset,daily_linear_interpolation,true
Dai Ngai,soc-trang,9.6583,106.0642,2024-02-05,2.625,historical_station_dataset,daily_linear_interpolation,true
Dai Ngai,soc-trang,9.6583,106.0642,2024-02-06,2.712,historical_station_dataset,daily_linear_interpolation,true
Dai Ngai,soc-trang,9.6583,106.0642,2024-02-07,2.800,historical_station_dataset,daily_linear_interpolation,true
Dai Ngai,soc-trang,9.6583,106.0642,2024-02-08,2.888,historical_station_dataset,daily_linear_interpolation,true
Dai Ngai,soc-trang,9.6583,106.0642,2024-02-09,2.975,historical_station_dataset,daily_linear_interpolation,true
Dai Ngai,soc-trang,9.6583,106.0642,2024-02-10,3.062,historical_station_dataset,daily_linear_interpolation,true
Dai Ngai,soc-trang,9.6583,106.0642,2024-02-11,3.150,historical_station_dataset,daily_linear_interpolation,true
Dai Ngai,soc-trang,9.6583,106.0642,2024-02-12,3.237,historical_station_dataset,daily_linear_interpolation,true
Dai Ngai,soc-trang,9.6583,106.0642,2024-02-13,3.325,historical_station_dataset,daily_linear_interpolation,true
Dai Ngai,soc-trang,9.6583,106.0642,2024-02-14,3.413,historical_station_dataset,daily_linear_interpolation,true
Dai Ngai,soc-trang,9.6583,106.0642,2024-02-15,3.500,historical_station_dataset,daily_linear_interpolation,false
Dai Ngai,soc-trang,9.6583,106.0642,2024-02-16,3.600,historical_station_dataset,daily_linear_interpolation,true
Dai Ngai,soc-trang,9.6583,106.0642,2024-02-17,3.700,historical_station_dataset,daily_linear_interpolation,true
Dai Ngai,soc-trang,9.6583,106.0642,2024-02-18,3.800,historical_station_dataset,daily_linear_interpolation,true
Dai Ngai,soc-trang,9.6583,106.0642,2024-02-19,3.900,historical_station_dataset,daily_linear_interpolation,true
Dai Ngai,soc-trang,9.6583,106.0642,2024-02-20,4.000,historical_station_dataset,daily_linear_interpolation,true
Dai Ngai,soc-trang,9.6583,106.0642,2024-02-21,4.100,historical_station_dataset,daily_linear_interpolation,true
Dai Ngai,soc-trang,9.6583,106.0642,2024-02-22,4.200,historical_station_dataset,daily_linear_interpolation,true
Dai Ngai,soc-trang,9.6583,106.0642,2024-02-23,4.300,historical_station_dataset,daily_linear_interpolation,true
Dai Ngai,soc-trang,9.6583,106.0642,2024-02-24,4.400,historical_station_dataset,daily_linear_interpolation,true
Dai Ngai,soc-trang,9.6583,106.0642,2024-02-25,4.500,historical_station_dataset,daily_linear_interpolation,true
Dai Ngai,soc-trang,9.6583,106.0642,2024-02-26,4.600,historical_station_dataset,daily_linear_interpolation,true
Dai Ngai,soc-trang,9.6583,106.0642,2024-02-27,4.700,historical_station_dataset,daily_linear_interpolation,true
Dai Ngai,soc-trang,9.6583,106.0642,2024-02-28,4.800,historical_station_dataset,daily_linear_interpolation,false
Dai Ngai,soc-trang,9.6583,106.0642,2024-02-29,4.900,historical_station_dataset,daily_linear_interpolation,true
Dai Ngai,soc-trang,9.6583,106.0642,2024-03-01,5.000,historical_station_dataset,daily_linear_interpolation,true
Dai Ngai,soc-trang,9.6583,106.0642,2024-03-02,5.100,historical_station_dataset,daily_linear_interpolation,true
Dai Ngai,soc-trang,9.6583,106.0642,2024-03-03,5.200,historical_station_dataset,daily_linear_interpolation,true
Dai Ngai,soc-trang,9.6583,106.0642,2024-03-04,5.300,historical_station_dataset,daily_linear_interpolation,true
Dai Ngai,soc-trang,9.6583,106.0642,2024-03-05,5.400,historical_station_dataset,daily_linear_interpolation,true
Dai Ngai,soc-trang,9.6583,106.0642,2024-03-06,5.500,historical_station_dataset,daily_linear_interpolation,true
Dai Ngai,soc-trang,9.6583,106.0642,2024-03-07,5.600,historical_station_dataset,daily_linear_interpolation,true
Dai Ngai,soc-trang,9.6583,106.0642,2024-03-08,5.700,historical_station_dataset,daily_linear_interpolation,true
Dai Ngai,soc-trang,9.6583,106.0642,2024-03-09,5.800,historical_station_dataset,daily_linear_interpolation,true
Dai Ngai,soc-trang,9.6583,106.0642,2024-03-10,5.900,historical_station_dataset,daily_linear_interpolation,false
Dai Ngai,soc-trang,9.6583,106.0642,2024-03-11,6.080,historical_station_dataset,daily_linear_interpolation,true
Dai Ngai,soc-trang,9.6583,106.0642,2024-03-12,6.260,historical_station_dataset,daily_linear_interpolation,true
Dai Ngai,soc-trang,9.6583,106.0642,2024-03-13,6.440,historical_station_dataset,daily_linear_interpolation,true
Dai Ngai,soc-trang,9.6583,106.0642,2024-03-14,6.620,historical_station_dataset,daily_linear_interpolation,true
Dai Ngai,soc-trang,9.6583,106.0642,2024-03-15,6.800,historical_station_dataset,daily_linear_interpolation,false
Dai Ngai,soc-trang,9.6583,106.0642,2024-03-16,7.080,historical_station_dataset,daily_linear_interpolation,true
Dai Ngai,soc-trang,9.6583,106.0642,2024-03-17,7.360,historical_station_dataset,daily_linear_interpolation,true
Dai Ngai,soc-trang,9.6583,106.0642,2024-03-18,7.640,historical_station_dataset,daily_linear_interpolation,true
Dai Ngai,soc-trang,9.6583,106.0642,2024-03-19,7.920,historical_station_dataset,daily_linear_interpolation,true
Dai Ngai,soc-trang,9.6583,106.0642,2024-03-20,8.200,historical_station_dataset,daily_linear_interpolation,false
Dai Ngai,soc-trang,9.6583,106.0642,2024-03-21,8.040,historical_station_dataset,daily_linear_interpolation,true
Dai Ngai,soc-trang,9.6583,106.0642,2024-03-22,7.880,historical_station_dataset,daily_linear_interpolation,true
Dai Ngai,soc-trang,9.6583,106.0642,2024-03-23,7.720,historical_station_dataset,daily_linear_interpolation,true
Dai Ngai,soc-trang,9.6583,106.0642,2024-03-24,7.560,historical_station_dataset,daily_linear_interpolation,true
Dai Ngai,soc-trang,9.6583,106.0642,2024-03-25,7.400,historical_station_dataset,daily_linear_interpolation,false
Dai Ngai,soc-trang,9.6583,106.0642,2024-03-26,7.700,historical_station_dataset,daily_linear_interpolation,true
Dai Ngai,soc-trang,9.6583,106.0642,2024-03-27,8.000,historical_station_dataset,daily_linear_interpolation,true
Dai Ngai,soc-trang,9.6583,106.0642,2024-03-28,8.300,historical_station_dataset,daily_linear_interpolation,true
Dai Ngai,soc-trang,9.6583,106.0642,2024-03-29,8.600,historical_station_dataset,daily_linear_interpolation,true
Dai Ngai,soc-trang,9.6583,106.0642,2024-03-30,8.900,historical_station_dataset,daily_linear_interpolation,false
Dai Ngai,soc-trang,9.6583,106.0642,2024-03-31,9.000,historical_station_dataset,daily_linear_interpolation,true
Dai Ngai,soc-trang,9.6583,106.0642,2024-04-01,9.100,historical_station_dataset,daily_linear_interpolation,true
Dai Ngai,soc-trang,9.6583,106.0642,2024-04-02,9.200,historical_station_dataset,daily_linear_interpolation,true
Dai Ngai,soc-trang,9.6583,106.0642,2024-04-03,9.300,historical_station_dataset,daily_linear_interpolation,true
Dai Ngai,soc-trang,9.6583,106.0642,2024-04-04,9.400,historical_station_dataset,daily_linear_interpolation,true
Dai Ngai,soc-trang,9.6583,106.0642,2024-04-05,9.500,historical_station_dataset,daily_linear_interpolation,false
Dai Ngai,soc-trang,9.6583,106.0642,2024-04-06,9.640,historical_station_dataset,daily_linear_interpolation,true
Dai Ngai,soc-trang,9.6583,106.0642,2024-04-07,9.780,historical_station_dataset,daily_linear_interpolation,true
Dai Ngai,soc-trang,9.6583,106.0642,2024-04-08,9.920,historical_station_dataset,daily_linear_interpolation,true
Dai Ngai,soc-trang,9.6583,106.0642,2024-04-09,10.060,historical_station_dataset,daily_linear_interpolation,true
Dai Ngai,soc-trang,9.6583,106.0642,2024-04-10,10.200,historical_station_dataset,daily_linear_interpolation,false
Dai Ngai,soc-trang,9.6583,106.0642,2024-04-11,9.900,historical_station_dataset,daily_linear_interpolation,true
Dai Ngai,soc-trang,9.6583,106.0642,2024-04-12,9.600,historical_station_dataset,daily_linear_interpolation,true
Dai Ngai,soc-trang,9.6583,106.0642,2024-04-13,9.300,historical_station_dataset,daily_linear_interpolation,true
Dai Ngai,soc-trang,9.6583,106.0642,2024-04-14,9.000,historical_station_dataset,daily_linear_interpolation,true
Dai Ngai,soc-trang,9.6583,106.0642,2024-04-15,8.700,historical_station_dataset,daily_linear_interpolation,false
Dai Ngai,soc-trang,9.6583,106.0642,2024-04-16,8.180,historical_station_dataset,daily_linear_interpolation,true
Dai Ngai,soc-trang,9.6583,106.0642,2024-04-17,7.660,historical_station_dataset,daily_linear_interpolation,true
Dai Ngai,soc-trang,9.6583,106.0642,2024-04-18,7.140,historical_station_dataset,daily_linear_interpolation,true
Dai Ngai,soc-trang,9.6583,106.0642,2024-04-19,6.620,historical_station_dataset,daily_linear_interpolation,true
Dai Ngai,soc-trang,9.6583,106.0642,2024-04-20,6.100,historical_station_dataset,daily_linear_interpolation,false
Dai Ngai,soc-trang,9.6583,106.0642,2024-04-21,5.740,historical_station_dataset,daily_linear_interpolation,true
Dai Ngai,soc-trang,9.6583,106.0642,2024-04-22,5.380,historical_station_dataset,daily_linear_interpolation,true
Dai Ngai,soc-trang,9.6583,106.0642,2024-04-23,5.020,historical_station_dataset,daily_linear_interpolation,true
Dai Ngai,soc-trang,9.6583,106.0642,2024-04-24,4.660,historical_station_dataset,daily_linear_interpolation,true
Dai Ngai,soc-trang,9.6583,106.0642,2024-04-25,4.300,historical_station_dataset,daily_linear_interpolation,false
Dai Ngai,soc-trang,9.6583,106.0642,2024-04-26,3.940,historical_station_dataset,daily_linear_interpolation,true
Dai Ngai,soc-trang,9.6583,106.0642,2024-04-27,3.580,historical_station_dataset,daily_linear_interpolation,true
Dai Ngai,soc-trang,9.6583,106.0642,2024-04-28,3.220,historical_station_dataset,daily_linear_interpolation,true
Dai Ngai,soc-trang,9.6583,106.0642,2024-04-29,2.860,historical_station_dataset,daily_linear_interpolation,true
Dai Ngai,soc-trang,9.6583,106.0642,2024-04-30,2.5,historical_station_dataset,daily_linear_interpolation,false
Tran De,soc-trang,9.4741,106.2056,2024-01-15,6.400,historical_station_dataset,daily_linear_interpolation,false
Tran De,soc-trang,9.4741,106.2056,2024-01-16,6.493,historical_station_dataset,daily_linear_interpolation,true
Tran De,soc-trang,9.4741,106.2056,2024-01-17,6.587,historical_station_dataset,daily_linear_interpolation,true
Tran De,soc-trang,9.4741,106.2056,2024-01-18,6.680,historical_station_dataset,daily_linear_interpolation,true
Tran De,soc-trang,9.4741,106.2056,2024-01-19,6.773,historical_station_dataset,daily_linear_interpolation,true
Tran De,soc-trang,9.4741,106.2056,2024-01-20,6.867,historical_station_dataset,daily_linear_interpolation,true
Tran De,soc-trang,9.4741,106.2056,2024-01-21,6.960,historical_station_dataset,daily_linear_interpolation,true
Tran De,soc-trang,9.4741,106.2056,2024-01-22,7.053,historical_station_dataset,daily_linear_interpolation,true
Tran De,soc-trang,9.4741,106.2056,2024-01-23,7.147,historical_station_dataset,daily_linear_interpolation,true
Tran De,soc-trang,9.4741,106.2056,2024-01-24,7.240,historical_station_dataset,daily_linear_interpolation,true
Tran De,soc-trang,9.4741,106.2056,2024-01-25,7.333,historical_station_dataset,daily_linear_interpolation,true
Tran De,soc-trang,9.4741,106.2056,2024-01-26,7.427,historical_station_dataset,daily_linear_interpolation,true
Tran De,soc-trang,9.4741,106.2056,2024-01-27,7.520,historical_station_dataset,daily_linear_interpolation,true
Tran De,soc-trang,9.4741,106.2056,2024-01-28,7.613,historical_station_dataset,daily_linear_interpolation,true
Tran De,soc-trang,9.4741,106.2056,2024-01-29,7.707,historical_station_dataset,daily_linear_interpolation,true
Tran De,soc-trang,9.4741,106.2056,2024-01-30,7.800,historical_station_dataset,daily_linear_interpolation,false
Tran De,soc-trang,9.4741,106.2056,2024-01-31,7.906,historical_station_dataset,daily_linear_interpolation,true
Tran De,soc-trang,9.4741,106.2056,2024-02-01,8.012,historical_station_dataset,daily_linear_interpolation,true
Tran De,soc-trang,9.4741,106.2056,2024-02-02,8.119,historical_station_dataset,daily_linear_interpolation,true
Tran De,soc-trang,9.4741,106.2056,2024-02-03,8.225,historical_station_dataset,daily_linear_interpolation,true
Tran De,soc-trang,9.4741,106.2056,2024-02-04,8.331,historical_station_dataset,daily_linear_interpolation,true
Tran De,soc-trang,9.4741,106.2056,2024-02-05,8.438,historical_station_dataset,daily_linear_interpolation,true
Tran De,soc-trang,9.4741,106.2056,2024-02-06,8.544,historical_station_dataset,daily_linear_interpolation,true
Tran De,soc-trang,9.4741,106.2056,2024-02-07,8.650,historical_station_dataset,daily_linear_interpolation,true
Tran De,soc-trang,9.4741,106.2056,2024-02-08,8.756,historical_station_dataset,daily_linear_interpolation,true
Tran De,soc-trang,9.4741,106.2056,2024-02-09,8.863,historical_station_dataset,daily_linear_interpolation,true
Tran De,soc-trang,9.4741,106.2056,2024-02-10,8.969,historical_station_dataset,daily_linear_interpolation,true
Tran De,soc-trang,9.4741,106.2056,2024-02-11,9.075,historical_station_dataset,daily_linear_interpolation,true
Tran De,soc-trang,9.4741,106.2056,2024-02-12,9.181,historical_station_dataset,daily_linear_interpolation,true
Tran De,soc-trang,9.4741,106.2056,2024-02-13,9.287,historical_station_dataset,daily_linear_interpolation,true
Tran De,soc-trang,9.4741,106.2056,2024-02-14,9.394,historical_station_dataset,daily_linear_interpolation,true
Tran De,soc-trang,9.4741,106.2056,2024-02-15,9.500,historical_station_dataset,daily_linear_interpolation,false
Tran De,soc-trang,9.4741,106.2056,2024-02-16,9.715,historical_station_dataset,daily_linear_interpolation,true
Tran De,soc-trang,9.4741,106.2056,2024-02-17,9.931,historical_station_dataset,daily_linear_interpolation,true
Tran De,soc-trang,9.4741,106.2056,2024-02-18,10.146,historical_station_dataset,daily_linear_interpolation,true
Tran De,soc-trang,9.4741,106.2056,2024-02-19,10.362,historical_station_dataset,daily_linear_interpolation,true
Tran De,soc-trang,9.4741,106.2056,2024-02-20,10.577,historical_station_dataset,daily_linear_interpolation,true
Tran De,soc-trang,9.4741,106.2056,2024-02-21,10.792,historical_station_dataset,daily_linear_interpolation,true
Tran De,soc-trang,9.4741,106.2056,2024-02-22,11.008,historical_station_dataset,daily_linear_interpolation,true
Tran De,soc-trang,9.4741,106.2056,2024-02-23,11.223,historical_station_dataset,daily_linear_interpolation,true
Tran De,soc-trang,9.4741,106.2056,2024-02-24,11.438,historical_station_dataset,daily_linear_interpolation,true
Tran De,soc-trang,9.4741,106.2056,2024-02-25,11.654,historical_station_dataset,daily_linear_interpolation,true
Tran De,soc-trang,9.4741,106.2056,2024-02-26,11.869,historical_station_dataset,daily_linear_interpolation,true
Tran De,soc-trang,9.4741,106.2056,2024-02-27,12.085,historical_station_dataset,daily_linear_interpolation,true
Tran De,soc-trang,9.4741,106.2056,2024-02-28,12.300,historical_station_dataset,daily_linear_interpolation,false
Tran De,soc-trang,9.4741,106.2056,2024-02-29,12.527,historical_station_dataset,daily_linear_interpolation,true
Tran De,soc-trang,9.4741,106.2056,2024-03-01,12.755,historical_station_dataset,daily_linear_interpolation,true
Tran De,soc-trang,9.4741,106.2056,2024-03-02,12.982,historical_station_dataset,daily_linear_interpolation,true
Tran De,soc-trang,9.4741,106.2056,2024-03-03,13.209,historical_station_dataset,daily_linear_interpolation,true
Tran De,soc-trang,9.4741,106.2056,2024-03-04,13.436,historical_station_dataset,daily_linear_interpolation,true
Tran De,soc-trang,9.4741,106.2056,2024-03-05,13.664,historical_station_dataset,daily_linear_interpolation,true
Tran De,soc-trang,9.4741,106.2056,2024-03-06,13.891,historical_station_dataset,daily_linear_interpolation,true
Tran De,soc-trang,9.4741,106.2056,2024-03-07,14.118,historical_station_dataset,daily_linear_interpolation,true
Tran De,soc-trang,9.4741,106.2056,2024-03-08,14.345,historical_station_dataset,daily_linear_interpolation,true
Tran De,soc-trang,9.4741,106.2056,2024-03-09,14.573,historical_station_dataset,daily_linear_interpolation,true
Tran De,soc-trang,9.4741,106.2056,2024-03-10,14.800,historical_station_dataset,daily_linear_interpolation,false
Tran De,soc-trang,9.4741,106.2056,2024-03-11,15.080,historical_station_dataset,daily_linear_interpolation,true
Tran De,soc-trang,9.4741,106.2056,2024-03-12,15.360,historical_station_dataset,daily_linear_interpolation,true
Tran De,soc-trang,9.4741,106.2056,2024-03-13,15.640,historical_station_dataset,daily_linear_interpolation,true
Tran De,soc-trang,9.4741,106.2056,2024-03-14,15.920,historical_station_dataset,daily_linear_interpolation,true
Tran De,soc-trang,9.4741,106.2056,2024-03-15,16.200,historical_station_dataset,daily_linear_interpolation,false
Tran De,soc-trang,9.4741,106.2056,2024-03-16,16.860,historical_station_dataset,daily_linear_interpolation,true
Tran De,soc-trang,9.4741,106.2056,2024-03-17,17.520,historical_station_dataset,daily_linear_interpolation,true
Tran De,soc-trang,9.4741,106.2056,2024-03-18,18.180,historical_station_dataset,daily_linear_interpolation,true
Tran De,soc-trang,9.4741,106.2056,2024-03-19,18.840,historical_station_dataset,daily_linear_interpolation,true
Tran De,soc-trang,9.4741,106.2056,2024-03-20,19.500,historical_station_dataset,daily_linear_interpolation,false
Tran De,soc-trang,9.4741,106.2056,2024-03-21,19.220,historical_station_dataset,daily_linear_interpolation,true
Tran De,soc-trang,9.4741,106.2056,2024-03-22,18.940,historical_station_dataset,daily_linear_interpolation,true
Tran De,soc-trang,9.4741,106.2056,2024-03-23,18.660,historical_station_dataset,daily_linear_interpolation,true
Tran De,soc-trang,9.4741,106.2056,2024-03-24,18.380,historical_station_dataset,daily_linear_interpolation,true
Tran De,soc-trang,9.4741,106.2056,2024-03-25,18.100,historical_station_dataset,daily_linear_interpolation,false
Tran De,soc-trang,9.4741,106.2056,2024-03-26,18.560,historical_station_dataset,daily_linear_interpolation,true
Tran De,soc-trang,9.4741,106.2056,2024-03-27,19.020,historical_station_dataset,daily_linear_interpolation,true
Tran De,soc-trang,9.4741,106.2056,2024-03-28,19.480,historical_station_dataset,daily_linear_interpolation,true
Tran De,soc-trang,9.4741,106.2056,2024-03-29,19.940,historical_station_dataset,daily_linear_interpolation,true
Tran De,soc-trang,9.4741,106.2056,2024-03-30,20.400,historical_station_dataset,daily_linear_interpolation,false
Tran De,soc-trang,9.4741,106.2056,2024-03-31,20.717,historical_station_dataset,daily_linear_interpolation,true
Tran De,soc-trang,9.4741,106.2056,2024-04-01,21.033,historical_station_dataset,daily_linear_interpolation,true
Tran De,soc-trang,9.4741,106.2056,2024-04-02,21.350,historical_station_dataset,daily_linear_interpolation,true
Tran De,soc-trang,9.4741,106.2056,2024-04-03,21.667,historical_station_dataset,daily_linear_interpolation,true
Tran De,soc-trang,9.4741,106.2056,2024-04-04,21.983,historical_station_dataset,daily_linear_interpolation,true
Tran De,soc-trang,9.4741,106.2056,2024-04-05,22.300,historical_station_dataset,daily_linear_interpolation,false
Tran De,soc-trang,9.4741,106.2056,2024-04-06,22.540,historical_station_dataset,daily_linear_interpolation,true
Tran De,soc-trang,9.4741,106.2056,2024-04-07,22.780,historical_station_dataset,daily_linear_interpolation,true
Tran De,soc-trang,9.4741,106.2056,2024-04-08,23.020,historical_station_dataset,daily_linear_interpolation,true
Tran De,soc-trang,9.4741,106.2056,2024-04-09,23.260,historical_station_dataset,daily_linear_interpolation,true
Tran De,soc-trang,9.4741,106.2056,2024-04-10,23.500,historical_station_dataset,daily_linear_interpolation,false
Tran De,soc-trang,9.4741,106.2056,2024-04-11,23.000,historical_station_dataset,daily_linear_interpolation,true
Tran De,soc-trang,9.4741,106.2056,2024-04-12,22.500,historical_station_dataset,daily_linear_interpolation,true
Tran De,soc-trang,9.4741,106.2056,2024-04-13,22.000,historical_station_dataset,daily_linear_interpolation,true
Tran De,soc-trang,9.4741,106.2056,2024-04-14,21.500,historical_station_dataset,daily_linear_interpolation,true
Tran De,soc-trang,9.4741,106.2056,2024-04-15,21.000,historical_station_dataset,daily_linear_interpolation,false
Tran De,soc-trang,9.4741,106.2056,2024-04-16,20.320,historical_station_dataset,daily_linear_interpolation,true
Tran De,soc-trang,9.4741,106.2056,2024-04-17,19.640,historical_station_dataset,daily_linear_interpolation,true
Tran De,soc-trang,9.4741,106.2056,2024-04-18,18.960,historical_station_dataset,daily_linear_interpolation,true
Tran De,soc-trang,9.4741,106.2056,2024-04-19,18.280,historical_station_dataset,daily_linear_interpolation,true
Tran De,soc-trang,9.4741,106.2056,2024-04-20,17.600,historical_station_dataset,daily_linear_interpolation,false
Tran De,soc-trang,9.4741,106.2056,2024-04-21,16.720,historical_station_dataset,daily_linear_interpolation,true
Tran De,soc-trang,9.4741,106.2056,2024-04-22,15.840,historical_station_dataset,daily_linear_interpolation,true
Tran De,soc-trang,9.4741,106.2056,2024-04-23,14.960,historical_station_dataset,daily_linear_interpolation,true
Tran De,soc-trang,9.4741,106.2056,2024-04-24,14.080,historical_station_dataset,daily_linear_interpolation,true
Tran De,soc-trang,9.4741,106.2056,2024-04-25,13.200,historical_station_dataset,daily_linear_interpolation,false
Tran De,soc-trang,9.4741,106.2056,2024-04-26,12.520,historical_station_dataset,daily_linear_interpolation,true
Tran De,soc-trang,9.4741,106.2056,2024-04-27,11.840,historical_station_dataset,daily_linear_interpolation,true
Tran De,soc-trang,9.4741,106.2056,2024-04-28,11.160,historical_station_dataset,daily_linear_interpolation,true
Tran De,soc-trang,9.4741,106.2056,2024-04-29,10.480,historical_station_dataset,daily_linear_interpolation,true
Tran De,soc-trang,9.4741,106.2056,2024-04-30,9.8,historical_station_dataset,daily_linear_interpolation,false
Ben Trai,tra-vinh,9.8451,106.3622,2024-01-15,2.100,historical_station_dataset,daily_linear_interpolation,false
Ben Trai,tra-vinh,9.8451,106.3622,2024-01-16,2.187,historical_station_dataset,daily_linear_interpolation,true
Ben Trai,tra-vinh,9.8451,106.3622,2024-01-17,2.273,historical_station_dataset,daily_linear_interpolation,true
Ben Trai,tra-vinh,9.8451,106.3622,2024-01-18,2.360,historical_station_dataset,daily_linear_interpolation,true
Ben Trai,tra-vinh,9.8451,106.3622,2024-01-19,2.447,historical_station_dataset,daily_linear_interpolation,true
Ben Trai,tra-vinh,9.8451,106.3622,2024-01-20,2.533,historical_station_dataset,daily_linear_interpolation,true
Ben Trai,tra-vinh,9.8451,106.3622,2024-01-21,2.620,historical_station_dataset,daily_linear_interpolation,true
Ben Trai,tra-vinh,9.8451,106.3622,2024-01-22,2.707,historical_station_dataset,daily_linear_interpolation,true
Ben Trai,tra-vinh,9.8451,106.3622,2024-01-23,2.793,historical_station_dataset,daily_linear_interpolation,true
Ben Trai,tra-vinh,9.8451,106.3622,2024-01-24,2.880,historical_station_dataset,daily_linear_interpolation,true
Ben Trai,tra-vinh,9.8451,106.3622,2024-01-25,2.967,historical_station_dataset,daily_linear_interpolation,true
Ben Trai,tra-vinh,9.8451,106.3622,2024-01-26,3.053,historical_station_dataset,daily_linear_interpolation,true
Ben Trai,tra-vinh,9.8451,106.3622,2024-01-27,3.140,historical_station_dataset,daily_linear_interpolation,true
Ben Trai,tra-vinh,9.8451,106.3622,2024-01-28,3.227,historical_station_dataset,daily_linear_interpolation,true
Ben Trai,tra-vinh,9.8451,106.3622,2024-01-29,3.313,historical_station_dataset,daily_linear_interpolation,true
Ben Trai,tra-vinh,9.8451,106.3622,2024-01-30,3.400,historical_station_dataset,daily_linear_interpolation,false
Ben Trai,tra-vinh,9.8451,106.3622,2024-01-31,3.494,historical_station_dataset,daily_linear_interpolation,true
Ben Trai,tra-vinh,9.8451,106.3622,2024-02-01,3.587,historical_station_dataset,daily_linear_interpolation,true
Ben Trai,tra-vinh,9.8451,106.3622,2024-02-02,3.681,historical_station_dataset,daily_linear_interpolation,true
Ben Trai,tra-vinh,9.8451,106.3622,2024-02-03,3.775,historical_station_dataset,daily_linear_interpolation,true
Ben Trai,tra-vinh,9.8451,106.3622,2024-02-04,3.869,historical_station_dataset,daily_linear_interpolation,true
Ben Trai,tra-vinh,9.8451,106.3622,2024-02-05,3.963,historical_station_dataset,daily_linear_interpolation,true
Ben Trai,tra-vinh,9.8451,106.3622,2024-02-06,4.056,historical_station_dataset,daily_linear_interpolation,true
Ben Trai,tra-vinh,9.8451,106.3622,2024-02-07,4.150,historical_station_dataset,daily_linear_interpolation,true
Ben Trai,tra-vinh,9.8451,106.3622,2024-02-08,4.244,historical_station_dataset,daily_linear_interpolation,true
Ben Trai,tra-vinh,9.8451,106.3622,2024-02-09,4.338,historical_station_dataset,daily_linear_interpolation,true
Ben Trai,tra-vinh,9.8451,106.3622,2024-02-10,4.431,historical_station_dataset,daily_linear_interpolation,true
Ben Trai,tra-vinh,9.8451,106.3622,2024-02-11,4.525,historical_station_dataset,daily_linear_interpolation,true
Ben Trai,tra-vinh,9.8451,106.3622,2024-02-12,4.619,historical_station_dataset,daily_linear_interpolation,true
Ben Trai,tra-vinh,9.8451,106.3622,2024-02-13,4.713,historical_station_dataset,daily_linear_interpolation,true
Ben Trai,tra-vinh,9.8451,106.3622,2024-02-14,4.806,historical_station_dataset,daily_linear_interpolation,true
Ben Trai,tra-vinh,9.8451,106.3622,2024-02-15,4.900,historical_station_dataset,daily_linear_interpolation,false
Ben Trai,tra-vinh,9.8451,106.3622,2024-02-16,5.046,historical_station_dataset,daily_linear_interpolation,true
Ben Trai,tra-vinh,9.8451,106.3622,2024-02-17,5.192,historical_station_dataset,daily_linear_interpolation,true
Ben Trai,tra-vinh,9.8451,106.3622,2024-02-18,5.338,historical_station_dataset,daily_linear_interpolation,true
Ben Trai,tra-vinh,9.8451,106.3622,2024-02-19,5.485,historical_station_dataset,daily_linear_interpolation,true
Ben Trai,tra-vinh,9.8451,106.3622,2024-02-20,5.631,historical_station_dataset,daily_linear_interpolation,true
Ben Trai,tra-vinh,9.8451,106.3622,2024-02-21,5.777,historical_station_dataset,daily_linear_interpolation,true
Ben Trai,tra-vinh,9.8451,106.3622,2024-02-22,5.923,historical_station_dataset,daily_linear_interpolation,true
Ben Trai,tra-vinh,9.8451,106.3622,2024-02-23,6.069,historical_station_dataset,daily_linear_interpolation,true
Ben Trai,tra-vinh,9.8451,106.3622,2024-02-24,6.215,historical_station_dataset,daily_linear_interpolation,true
Ben Trai,tra-vinh,9.8451,106.3622,2024-02-25,6.362,historical_station_dataset,daily_linear_interpolation,true
Ben Trai,tra-vinh,9.8451,106.3622,2024-02-26,6.508,historical_station_dataset,daily_linear_interpolation,true
Ben Trai,tra-vinh,9.8451,106.3622,2024-02-27,6.654,historical_station_dataset,daily_linear_interpolation,true
Ben Trai,tra-vinh,9.8451,106.3622,2024-02-28,6.800,historical_station_dataset,daily_linear_interpolation,false
Ben Trai,tra-vinh,9.8451,106.3622,2024-02-29,6.927,historical_station_dataset,daily_linear_interpolation,true
Ben Trai,tra-vinh,9.8451,106.3622,2024-03-01,7.055,historical_station_dataset,daily_linear_interpolation,true
Ben Trai,tra-vinh,9.8451,106.3622,2024-03-02,7.182,historical_station_dataset,daily_linear_interpolation,true
Ben Trai,tra-vinh,9.8451,106.3622,2024-03-03,7.309,historical_station_dataset,daily_linear_interpolation,true
Ben Trai,tra-vinh,9.8451,106.3622,2024-03-04,7.436,historical_station_dataset,daily_linear_interpolation,true
Ben Trai,tra-vinh,9.8451,106.3622,2024-03-05,7.564,historical_station_dataset,daily_linear_interpolation,true
Ben Trai,tra-vinh,9.8451,106.3622,2024-03-06,7.691,historical_station_dataset,daily_linear_interpolation,true
Ben Trai,tra-vinh,9.8451,106.3622,2024-03-07,7.818,historical_station_dataset,daily_linear_interpolation,true
Ben Trai,tra-vinh,9.8451,106.3622,2024-03-08,7.945,historical_station_dataset,daily_linear_interpolation,true
Ben Trai,tra-vinh,9.8451,106.3622,2024-03-09,8.073,historical_station_dataset,daily_linear_interpolation,true
Ben Trai,tra-vinh,9.8451,106.3622,2024-03-10,8.200,historical_station_dataset,daily_linear_interpolation,false
Ben Trai,tra-vinh,9.8451,106.3622,2024-03-11,8.460,historical_station_dataset,daily_linear_interpolation,true
Ben Trai,tra-vinh,9.8451,106.3622,2024-03-12,8.720,historical_station_dataset,daily_linear_interpolation,true
Ben Trai,tra-vinh,9.8451,106.3622,2024-03-13,8.980,historical_station_dataset,daily_linear_interpolation,true
Ben Trai,tra-vinh,9.8451,106.3622,2024-03-14,9.240,historical_station_dataset,daily_linear_interpolation,true
Ben Trai,tra-vinh,9.8451,106.3622,2024-03-15,9.500,historical_station_dataset,daily_linear_interpolation,false
Ben Trai,tra-vinh,9.8451,106.3622,2024-03-16,9.840,historical_station_dataset,daily_linear_interpolation,true
Ben Trai,tra-vinh,9.8451,106.3622,2024-03-17,10.180,historical_station_dataset,daily_linear_interpolation,true
Ben Trai,tra-vinh,9.8451,106.3622,2024-03-18,10.520,historical_station_dataset,daily_linear_interpolation,true
Ben Trai,tra-vinh,9.8451,106.3622,2024-03-19,10.860,historical_station_dataset,daily_linear_interpolation,true
Ben Trai,tra-vinh,9.8451,106.3622,2024-03-20,11.200,historical_station_dataset,daily_linear_interpolation,false
Ben Trai,tra-vinh,9.8451,106.3622,2024-03-21,10.980,historical_station_dataset,daily_linear_interpolation,true
Ben Trai,tra-vinh,9.8451,106.3622,2024-03-22,10.760,historical_station_dataset,daily_linear_interpolation,true
Ben Trai,tra-vinh,9.8451,106.3622,2024-03-23,10.540,historical_station_dataset,daily_linear_interpolation,true
Ben Trai,tra-vinh,9.8451,106.3622,2024-03-24,10.320,historical_station_dataset,daily_linear_interpolation,true
Ben Trai,tra-vinh,9.8451,106.3622,2024-03-25,10.100,historical_station_dataset,daily_linear_interpolation,false
Ben Trai,tra-vinh,9.8451,106.3622,2024-03-26,10.560,historical_station_dataset,daily_linear_interpolation,true
Ben Trai,tra-vinh,9.8451,106.3622,2024-03-27,11.020,historical_station_dataset,daily_linear_interpolation,true
Ben Trai,tra-vinh,9.8451,106.3622,2024-03-28,11.480,historical_station_dataset,daily_linear_interpolation,true
Ben Trai,tra-vinh,9.8451,106.3622,2024-03-29,11.940,historical_station_dataset,daily_linear_interpolation,true
Ben Trai,tra-vinh,9.8451,106.3622,2024-03-30,12.400,historical_station_dataset,daily_linear_interpolation,false
Ben Trai,tra-vinh,9.8451,106.3622,2024-03-31,12.633,historical_station_dataset,daily_linear_interpolation,true
Ben Trai,tra-vinh,9.8451,106.3622,2024-04-01,12.867,historical_station_dataset,daily_linear_interpolation,true
Ben Trai,tra-vinh,9.8451,106.3622,2024-04-02,13.100,historical_station_dataset,daily_linear_interpolation,true
Ben Trai,tra-vinh,9.8451,106.3622,2024-04-03,13.333,historical_station_dataset,daily_linear_interpolation,true
Ben Trai,tra-vinh,9.8451,106.3622,2024-04-04,13.567,historical_station_dataset,daily_linear_interpolation,true
Ben Trai,tra-vinh,9.8451,106.3622,2024-04-05,13.800,historical_station_dataset,daily_linear_interpolation,false
Ben Trai,tra-vinh,9.8451,106.3622,2024-04-06,13.940,historical_station_dataset,daily_linear_interpolation,true
Ben Trai,tra-vinh,9.8451,106.3622,2024-04-07,14.080,historical_station_dataset,daily_linear_interpolation,true
Ben Trai,tra-vinh,9.8451,106.3622,2024-04-08,14.220,historical_station_dataset,daily_linear_interpolation,true
Ben Trai,tra-vinh,9.8451,106.3622,2024-04-09,14.360,historical_station_dataset,daily_linear_interpolation,true
Ben Trai,tra-vinh,9.8451,106.3622,2024-04-10,14.500,historical_station_dataset,daily_linear_interpolation,false
Ben Trai,tra-vinh,9.8451,106.3622,2024-04-11,14.020,historical_station_dataset,daily_linear_interpolation,true
Ben Trai,tra-vinh,9.8451,106.3622,2024-04-12,13.540,historical_station_dataset,daily_linear_interpolation,true
Ben Trai,tra-vinh,9.8451,106.3622,2024-04-13,13.060,historical_station_dataset,daily_linear_interpolation,true
Ben Trai,tra-vinh,9.8451,106.3622,2024-04-14,12.580,historical_station_dataset,daily_linear_interpolation,true
Ben Trai,tra-vinh,9.8451,106.3622,2024-04-15,12.100,historical_station_dataset,daily_linear_interpolation,false
Ben Trai,tra-vinh,9.8451,106.3622,2024-04-16,11.560,historical_station_dataset,daily_linear_interpolation,true
Ben Trai,tra-vinh,9.8451,106.3622,2024-04-17,11.020,historical_station_dataset,daily_linear_interpolation,true
Ben Trai,tra-vinh,9.8451,106.3622,2024-04-18,10.480,historical_station_dataset,daily_linear_interpolation,true
Ben Trai,tra-vinh,9.8451,106.3622,2024-04-19,9.940,historical_station_dataset,daily_linear_interpolation,true
Ben Trai,tra-vinh,9.8451,106.3622,2024-04-20,9.400,historical_station_dataset,daily_linear_interpolation,false
Ben Trai,tra-vinh,9.8451,106.3622,2024-04-21,8.760,historical_station_dataset,daily_linear_interpolation,true
Ben Trai,tra-vinh,9.8451,106.3622,2024-04-22,8.120,historical_station_dataset,daily_linear_interpolation,true
Ben Trai,tra-vinh,9.8451,106.3622,2024-04-23,7.480,historical_station_dataset,daily_linear_interpolation,true
Ben Trai,tra-vinh,9.8451,106.3622,2024-04-24,6.840,historical_station_dataset,daily_linear_interpolation,true
Ben Trai,tra-vinh,9.8451,106.3622,2024-04-25,6.200,historical_station_dataset,daily_linear_interpolation,false
Ben Trai,tra-vinh,9.8451,106.3622,2024-04-26,5.720,historical_station_dataset,daily_linear_interpolation,true
Ben Trai,tra-vinh,9.8451,106.3622,2024-04-27,5.240,historical_station_dataset,daily_linear_interpolation,true
Ben Trai,tra-vinh,9.8451,106.3622,2024-04-28,4.760,historical_station_dataset,daily_linear_interpolation,true
Ben Trai,tra-vinh,9.8451,106.3622,2024-04-29,4.280,historical_station_dataset,daily_linear_interpolation,true
Ben Trai,tra-vinh,9.8451,106.3622,2024-04-30,3.8,historical_station_dataset,daily_linear_interpolation,false
Cai Lon,kien-giang,9.8824,105.1852,2024-01-15,0.500,historical_station_dataset,daily_linear_interpolation,false
Cai Lon,kien-giang,9.8824,105.1852,2024-01-16,0.527,historical_station_dataset,daily_linear_interpolation,true
Cai Lon,kien-giang,9.8824,105.1852,2024-01-17,0.553,historical_station_dataset,daily_linear_interpolation,true
Cai Lon,kien-giang,9.8824,105.1852,2024-01-18,0.580,historical_station_dataset,daily_linear_interpolation,true
Cai Lon,kien-giang,9.8824,105.1852,2024-01-19,0.607,historical_station_dataset,daily_linear_interpolation,true
Cai Lon,kien-giang,9.8824,105.1852,2024-01-20,0.633,historical_station_dataset,daily_linear_interpolation,true
Cai Lon,kien-giang,9.8824,105.1852,2024-01-21,0.660,historical_station_dataset,daily_linear_interpolation,true
Cai Lon,kien-giang,9.8824,105.1852,2024-01-22,0.687,historical_station_dataset,daily_linear_interpolation,true
Cai Lon,kien-giang,9.8824,105.1852,2024-01-23,0.713,historical_station_dataset,daily_linear_interpolation,true
Cai Lon,kien-giang,9.8824,105.1852,2024-01-24,0.740,historical_station_dataset,daily_linear_interpolation,true
Cai Lon,kien-giang,9.8824,105.1852,2024-01-25,0.767,historical_station_dataset,daily_linear_interpolation,true
Cai Lon,kien-giang,9.8824,105.1852,2024-01-26,0.793,historical_station_dataset,daily_linear_interpolation,true
Cai Lon,kien-giang,9.8824,105.1852,2024-01-27,0.820,historical_station_dataset,daily_linear_interpolation,true
Cai Lon,kien-giang,9.8824,105.1852,2024-01-28,0.847,historical_station_dataset,daily_linear_interpolation,true
Cai Lon,kien-giang,9.8824,105.1852,2024-01-29,0.873,historical_station_dataset,daily_linear_interpolation,true
Cai Lon,kien-giang,9.8824,105.1852,2024-01-30,0.900,historical_station_dataset,daily_linear_interpolation,false
Cai Lon,kien-giang,9.8824,105.1852,2024-01-31,0.956,historical_station_dataset,daily_linear_interpolation,true
Cai Lon,kien-giang,9.8824,105.1852,2024-02-01,1.012,historical_station_dataset,daily_linear_interpolation,true
Cai Lon,kien-giang,9.8824,105.1852,2024-02-02,1.069,historical_station_dataset,daily_linear_interpolation,true
Cai Lon,kien-giang,9.8824,105.1852,2024-02-03,1.125,historical_station_dataset,daily_linear_interpolation,true
Cai Lon,kien-giang,9.8824,105.1852,2024-02-04,1.181,historical_station_dataset,daily_linear_interpolation,true
Cai Lon,kien-giang,9.8824,105.1852,2024-02-05,1.238,historical_station_dataset,daily_linear_interpolation,true
Cai Lon,kien-giang,9.8824,105.1852,2024-02-06,1.294,historical_station_dataset,daily_linear_interpolation,true
Cai Lon,kien-giang,9.8824,105.1852,2024-02-07,1.350,historical_station_dataset,daily_linear_interpolation,true
Cai Lon,kien-giang,9.8824,105.1852,2024-02-08,1.406,historical_station_dataset,daily_linear_interpolation,true
Cai Lon,kien-giang,9.8824,105.1852,2024-02-09,1.462,historical_station_dataset,daily_linear_interpolation,true
Cai Lon,kien-giang,9.8824,105.1852,2024-02-10,1.519,historical_station_dataset,daily_linear_interpolation,true
Cai Lon,kien-giang,9.8824,105.1852,2024-02-11,1.575,historical_station_dataset,daily_linear_interpolation,true
Cai Lon,kien-giang,9.8824,105.1852,2024-02-12,1.631,historical_station_dataset,daily_linear_interpolation,true
Cai Lon,kien-giang,9.8824,105.1852,2024-02-13,1.688,historical_station_dataset,daily_linear_interpolation,true
Cai Lon,kien-giang,9.8824,105.1852,2024-02-14,1.744,historical_station_dataset,daily_linear_interpolation,true
Cai Lon,kien-giang,9.8824,105.1852,2024-02-15,1.800,historical_station_dataset,daily_linear_interpolation,false
Cai Lon,kien-giang,9.8824,105.1852,2024-02-16,1.869,historical_station_dataset,daily_linear_interpolation,true
Cai Lon,kien-giang,9.8824,105.1852,2024-02-17,1.938,historical_station_dataset,daily_linear_interpolation,true
Cai Lon,kien-giang,9.8824,105.1852,2024-02-18,2.008,historical_station_dataset,daily_linear_interpolation,true
Cai Lon,kien-giang,9.8824,105.1852,2024-02-19,2.077,historical_station_dataset,daily_linear_interpolation,true
Cai Lon,kien-giang,9.8824,105.1852,2024-02-20,2.146,historical_station_dataset,daily_linear_interpolation,true
Cai Lon,kien-giang,9.8824,105.1852,2024-02-21,2.215,historical_station_dataset,daily_linear_interpolation,true
Cai Lon,kien-giang,9.8824,105.1852,2024-02-22,2.285,historical_station_dataset,daily_linear_interpolation,true
Cai Lon,kien-giang,9.8824,105.1852,2024-02-23,2.354,historical_station_dataset,daily_linear_interpolation,true
Cai Lon,kien-giang,9.8824,105.1852,2024-02-24,2.423,historical_station_dataset,daily_linear_interpolation,true
Cai Lon,kien-giang,9.8824,105.1852,2024-02-25,2.492,historical_station_dataset,daily_linear_interpolation,true
Cai Lon,kien-giang,9.8824,105.1852,2024-02-26,2.562,historical_station_dataset,daily_linear_interpolation,true
Cai Lon,kien-giang,9.8824,105.1852,2024-02-27,2.631,historical_station_dataset,daily_linear_interpolation,true
Cai Lon,kien-giang,9.8824,105.1852,2024-02-28,2.700,historical_station_dataset,daily_linear_interpolation,false
Cai Lon,kien-giang,9.8824,105.1852,2024-02-29,2.782,historical_station_dataset,daily_linear_interpolation,true
Cai Lon,kien-giang,9.8824,105.1852,2024-03-01,2.864,historical_station_dataset,daily_linear_interpolation,true
Cai Lon,kien-giang,9.8824,105.1852,2024-03-02,2.945,historical_station_dataset,daily_linear_interpolation,true
Cai Lon,kien-giang,9.8824,105.1852,2024-03-03,3.027,historical_station_dataset,daily_linear_interpolation,true
Cai Lon,kien-giang,9.8824,105.1852,2024-03-04,3.109,historical_station_dataset,daily_linear_interpolation,true
Cai Lon,kien-giang,9.8824,105.1852,2024-03-05,3.191,historical_station_dataset,daily_linear_interpolation,true
Cai Lon,kien-giang,9.8824,105.1852,2024-03-06,3.273,historical_station_dataset,daily_linear_interpolation,true
Cai Lon,kien-giang,9.8824,105.1852,2024-03-07,3.355,historical_station_dataset,daily_linear_interpolation,true
Cai Lon,kien-giang,9.8824,105.1852,2024-03-08,3.436,historical_station_dataset,daily_linear_interpolation,true
Cai Lon,kien-giang,9.8824,105.1852,2024-03-09,3.518,historical_station_dataset,daily_linear_interpolation,true
Cai Lon,kien-giang,9.8824,105.1852,2024-03-10,3.600,historical_station_dataset,daily_linear_interpolation,false
Cai Lon,kien-giang,9.8824,105.1852,2024-03-11,3.720,historical_station_dataset,daily_linear_interpolation,true
Cai Lon,kien-giang,9.8824,105.1852,2024-03-12,3.840,historical_station_dataset,daily_linear_interpolation,true
Cai Lon,kien-giang,9.8824,105.1852,2024-03-13,3.960,historical_station_dataset,daily_linear_interpolation,true
Cai Lon,kien-giang,9.8824,105.1852,2024-03-14,4.080,historical_station_dataset,daily_linear_interpolation,true
Cai Lon,kien-giang,9.8824,105.1852,2024-03-15,4.200,historical_station_dataset,daily_linear_interpolation,false
Cai Lon,kien-giang,9.8824,105.1852,2024-03-16,4.460,historical_station_dataset,daily_linear_interpolation,true
Cai Lon,kien-giang,9.8824,105.1852,2024-03-17,4.720,historical_station_dataset,daily_linear_interpolation,true
Cai Lon,kien-giang,9.8824,105.1852,2024-03-18,4.980,historical_station_dataset,daily_linear_interpolation,true
Cai Lon,kien-giang,9.8824,105.1852,2024-03-19,5.240,historical_station_dataset,daily_linear_interpolation,true
Cai Lon,kien-giang,9.8824,105.1852,2024-03-20,5.500,historical_station_dataset,daily_linear_interpolation,false
Cai Lon,kien-giang,9.8824,105.1852,2024-03-21,5.380,historical_station_dataset,daily_linear_interpolation,true
Cai Lon,kien-giang,9.8824,105.1852,2024-03-22,5.260,historical_station_dataset,daily_linear_interpolation,true
Cai Lon,kien-giang,9.8824,105.1852,2024-03-23,5.140,historical_station_dataset,daily_linear_interpolation,true
Cai Lon,kien-giang,9.8824,105.1852,2024-03-24,5.020,historical_station_dataset,daily_linear_interpolation,true
Cai Lon,kien-giang,9.8824,105.1852,2024-03-25,4.900,historical_station_dataset,daily_linear_interpolation,false
Cai Lon,kien-giang,9.8824,105.1852,2024-03-26,5.140,historical_station_dataset,daily_linear_interpolation,true
Cai Lon,kien-giang,9.8824,105.1852,2024-03-27,5.380,historical_station_dataset,daily_linear_interpolation,true
Cai Lon,kien-giang,9.8824,105.1852,2024-03-28,5.620,historical_station_dataset,daily_linear_interpolation,true
Cai Lon,kien-giang,9.8824,105.1852,2024-03-29,5.860,historical_station_dataset,daily_linear_interpolation,true
Cai Lon,kien-giang,9.8824,105.1852,2024-03-30,6.100,historical_station_dataset,daily_linear_interpolation,false
Cai Lon,kien-giang,9.8824,105.1852,2024-03-31,6.217,historical_station_dataset,daily_linear_interpolation,true
Cai Lon,kien-giang,9.8824,105.1852,2024-04-01,6.333,historical_station_dataset,daily_linear_interpolation,true
Cai Lon,kien-giang,9.8824,105.1852,2024-04-02,6.450,historical_station_dataset,daily_linear_interpolation,true
Cai Lon,kien-giang,9.8824,105.1852,2024-04-03,6.567,historical_station_dataset,daily_linear_interpolation,true
Cai Lon,kien-giang,9.8824,105.1852,2024-04-04,6.683,historical_station_dataset,daily_linear_interpolation,true
Cai Lon,kien-giang,9.8824,105.1852,2024-04-05,6.800,historical_station_dataset,daily_linear_interpolation,false
Cai Lon,kien-giang,9.8824,105.1852,2024-04-06,6.880,historical_station_dataset,daily_linear_interpolation,true
Cai Lon,kien-giang,9.8824,105.1852,2024-04-07,6.960,historical_station_dataset,daily_linear_interpolation,true
Cai Lon,kien-giang,9.8824,105.1852,2024-04-08,7.040,historical_station_dataset,daily_linear_interpolation,true
Cai Lon,kien-giang,9.8824,105.1852,2024-04-09,7.120,historical_station_dataset,daily_linear_interpolation,true
Cai Lon,kien-giang,9.8824,105.1852,2024-04-10,7.200,historical_station_dataset,daily_linear_interpolation,false
Cai Lon,kien-giang,9.8824,105.1852,2024-04-11,6.920,historical_station_dataset,daily_linear_interpolation,true
Cai Lon,kien-giang,9.8824,105.1852,2024-04-12,6.640,historical_station_dataset,daily_linear_interpolation,true
Cai Lon,kien-giang,9.8824,105.1852,2024-04-13,6.360,historical_station_dataset,daily_linear_interpolation,true
Cai Lon,kien-giang,9.8824,105.1852,2024-04-14,6.080,historical_station_dataset,daily_linear_interpolation,true
Cai Lon,kien-giang,9.8824,105.1852,2024-04-15,5.800,historical_station_dataset,daily_linear_interpolation,false
Cai Lon,kien-giang,9.8824,105.1852,2024-04-16,5.460,historical_station_dataset,daily_linear_interpolation,true
Cai Lon,kien-giang,9.8824,105.1852,2024-04-17,5.120,historical_station_dataset,daily_linear_interpolation,true
Cai Lon,kien-giang,9.8824,105.1852,2024-04-18,4.780,historical_station_dataset,daily_linear_interpolation,true
Cai Lon,kien-giang,9.8824,105.1852,2024-04-19,4.440,historical_station_dataset,daily_linear_interpolation,true
Cai Lon,kien-giang,9.8824,105.1852,2024-04-20,4.100,historical_station_dataset,daily_linear_interpolation,false
Cai Lon,kien-giang,9.8824,105.1852,2024-04-21,3.760,historical_station_dataset,daily_linear_interpolation,true
Cai Lon,kien-giang,9.8824,105.1852,2024-04-22,3.420,historical_station_dataset,daily_linear_interpolation,true
Cai Lon,kien-giang,9.8824,105.1852,2024-04-23,3.080,historical_station_dataset,daily_linear_interpolation,true
Cai Lon,kien-giang,9.8824,105.1852,2024-04-24,2.740,historical_station_dataset,daily_linear_interpolation,true
Cai Lon,kien-giang,9.8824,105.1852,2024-04-25,2.400,historical_station_dataset,daily_linear_interpolation,false
Cai Lon,kien-giang,9.8824,105.1852,2024-04-26,2.140,historical_station_dataset,daily_linear_interpolation,true
Cai Lon,kien-giang,9.8824,105.1852,2024-04-27,1.880,historical_station_dataset,daily_linear_interpolation,true
Cai Lon,kien-giang,9.8824,105.1852,2024-04-28,1.620,historical_station_dataset,daily_linear_interpolation,true
Cai Lon,kien-giang,9.8824,105.1852,2024-04-29,1.360,historical_station_dataset,daily_linear_interpolation,true
Cai Lon,kien-giang,9.8824,105.1852,2024-04-30,1.1,historical_station_dataset,daily_linear_interpolation,false
Vung Liem,vinh-long,10.1145,106.1834,2024-01-15,0.100,historical_station_dataset,daily_linear_interpolation,false
Vung Liem,vinh-long,10.1145,106.1834,2024-01-16,0.113,historical_station_dataset,daily_linear_interpolation,true
Vung Liem,vinh-long,10.1145,106.1834,2024-01-17,0.127,historical_station_dataset,daily_linear_interpolation,true
Vung Liem,vinh-long,10.1145,106.1834,2024-01-18,0.140,historical_station_dataset,daily_linear_interpolation,true
Vung Liem,vinh-long,10.1145,106.1834,2024-01-19,0.153,historical_station_dataset,daily_linear_interpolation,true
Vung Liem,vinh-long,10.1145,106.1834,2024-01-20,0.167,historical_station_dataset,daily_linear_interpolation,true
Vung Liem,vinh-long,10.1145,106.1834,2024-01-21,0.180,historical_station_dataset,daily_linear_interpolation,true
Vung Liem,vinh-long,10.1145,106.1834,2024-01-22,0.193,historical_station_dataset,daily_linear_interpolation,true
Vung Liem,vinh-long,10.1145,106.1834,2024-01-23,0.207,historical_station_dataset,daily_linear_interpolation,true
Vung Liem,vinh-long,10.1145,106.1834,2024-01-24,0.220,historical_station_dataset,daily_linear_interpolation,true
Vung Liem,vinh-long,10.1145,106.1834,2024-01-25,0.233,historical_station_dataset,daily_linear_interpolation,true
Vung Liem,vinh-long,10.1145,106.1834,2024-01-26,0.247,historical_station_dataset,daily_linear_interpolation,true
Vung Liem,vinh-long,10.1145,106.1834,2024-01-27,0.260,historical_station_dataset,daily_linear_interpolation,true
Vung Liem,vinh-long,10.1145,106.1834,2024-01-28,0.273,historical_station_dataset,daily_linear_interpolation,true
Vung Liem,vinh-long,10.1145,106.1834,2024-01-29,0.287,historical_station_dataset,daily_linear_interpolation,true
Vung Liem,vinh-long,10.1145,106.1834,2024-01-30,0.300,historical_station_dataset,daily_linear_interpolation,false
Vung Liem,vinh-long,10.1145,106.1834,2024-01-31,0.331,historical_station_dataset,daily_linear_interpolation,true
Vung Liem,vinh-long,10.1145,106.1834,2024-02-01,0.362,historical_station_dataset,daily_linear_interpolation,true
Vung Liem,vinh-long,10.1145,106.1834,2024-02-02,0.394,historical_station_dataset,daily_linear_interpolation,true
Vung Liem,vinh-long,10.1145,106.1834,2024-02-03,0.425,historical_station_dataset,daily_linear_interpolation,true
Vung Liem,vinh-long,10.1145,106.1834,2024-02-04,0.456,historical_station_dataset,daily_linear_interpolation,true
Vung Liem,vinh-long,10.1145,106.1834,2024-02-05,0.487,historical_station_dataset,daily_linear_interpolation,true
Vung Liem,vinh-long,10.1145,106.1834,2024-02-06,0.519,historical_station_dataset,daily_linear_interpolation,true
Vung Liem,vinh-long,10.1145,106.1834,2024-02-07,0.550,historical_station_dataset,daily_linear_interpolation,true
Vung Liem,vinh-long,10.1145,106.1834,2024-02-08,0.581,historical_station_dataset,daily_linear_interpolation,true
Vung Liem,vinh-long,10.1145,106.1834,2024-02-09,0.613,historical_station_dataset,daily_linear_interpolation,true
Vung Liem,vinh-long,10.1145,106.1834,2024-02-10,0.644,historical_station_dataset,daily_linear_interpolation,true
Vung Liem,vinh-long,10.1145,106.1834,2024-02-11,0.675,historical_station_dataset,daily_linear_interpolation,true
Vung Liem,vinh-long,10.1145,106.1834,2024-02-12,0.706,historical_station_dataset,daily_linear_interpolation,true
Vung Liem,vinh-long,10.1145,106.1834,2024-02-13,0.738,historical_station_dataset,daily_linear_interpolation,true
Vung Liem,vinh-long,10.1145,106.1834,2024-02-14,0.769,historical_station_dataset,daily_linear_interpolation,true
Vung Liem,vinh-long,10.1145,106.1834,2024-02-15,0.800,historical_station_dataset,daily_linear_interpolation,false
Vung Liem,vinh-long,10.1145,106.1834,2024-02-16,0.854,historical_station_dataset,daily_linear_interpolation,true
Vung Liem,vinh-long,10.1145,106.1834,2024-02-17,0.908,historical_station_dataset,daily_linear_interpolation,true
Vung Liem,vinh-long,10.1145,106.1834,2024-02-18,0.962,historical_station_dataset,daily_linear_interpolation,true
Vung Liem,vinh-long,10.1145,106.1834,2024-02-19,1.015,historical_station_dataset,daily_linear_interpolation,true
Vung Liem,vinh-long,10.1145,106.1834,2024-02-20,1.069,historical_station_dataset,daily_linear_interpolation,true
Vung Liem,vinh-long,10.1145,106.1834,2024-02-21,1.123,historical_station_dataset,daily_linear_interpolation,true
Vung Liem,vinh-long,10.1145,106.1834,2024-02-22,1.177,historical_station_dataset,daily_linear_interpolation,true
Vung Liem,vinh-long,10.1145,106.1834,2024-02-23,1.231,historical_station_dataset,daily_linear_interpolation,true
Vung Liem,vinh-long,10.1145,106.1834,2024-02-24,1.285,historical_station_dataset,daily_linear_interpolation,true
Vung Liem,vinh-long,10.1145,106.1834,2024-02-25,1.338,historical_station_dataset,daily_linear_interpolation,true
Vung Liem,vinh-long,10.1145,106.1834,2024-02-26,1.392,historical_station_dataset,daily_linear_interpolation,true
Vung Liem,vinh-long,10.1145,106.1834,2024-02-27,1.446,historical_station_dataset,daily_linear_interpolation,true
Vung Liem,vinh-long,10.1145,106.1834,2024-02-28,1.500,historical_station_dataset,daily_linear_interpolation,false
Vung Liem,vinh-long,10.1145,106.1834,2024-02-29,1.582,historical_station_dataset,daily_linear_interpolation,true
Vung Liem,vinh-long,10.1145,106.1834,2024-03-01,1.664,historical_station_dataset,daily_linear_interpolation,true
Vung Liem,vinh-long,10.1145,106.1834,2024-03-02,1.745,historical_station_dataset,daily_linear_interpolation,true
Vung Liem,vinh-long,10.1145,106.1834,2024-03-03,1.827,historical_station_dataset,daily_linear_interpolation,true
Vung Liem,vinh-long,10.1145,106.1834,2024-03-04,1.909,historical_station_dataset,daily_linear_interpolation,true
Vung Liem,vinh-long,10.1145,106.1834,2024-03-05,1.991,historical_station_dataset,daily_linear_interpolation,true
Vung Liem,vinh-long,10.1145,106.1834,2024-03-06,2.073,historical_station_dataset,daily_linear_interpolation,true
Vung Liem,vinh-long,10.1145,106.1834,2024-03-07,2.155,historical_station_dataset,daily_linear_interpolation,true
Vung Liem,vinh-long,10.1145,106.1834,2024-03-08,2.236,historical_station_dataset,daily_linear_interpolation,true
Vung Liem,vinh-long,10.1145,106.1834,2024-03-09,2.318,historical_station_dataset,daily_linear_interpolation,true
Vung Liem,vinh-long,10.1145,106.1834,2024-03-10,2.400,historical_station_dataset,daily_linear_interpolation,false
Vung Liem,vinh-long,10.1145,106.1834,2024-03-11,2.540,historical_station_dataset,daily_linear_interpolation,true
Vung Liem,vinh-long,10.1145,106.1834,2024-03-12,2.680,historical_station_dataset,daily_linear_interpolation,true
Vung Liem,vinh-long,10.1145,106.1834,2024-03-13,2.820,historical_station_dataset,daily_linear_interpolation,true
Vung Liem,vinh-long,10.1145,106.1834,2024-03-14,2.960,historical_station_dataset,daily_linear_interpolation,true
Vung Liem,vinh-long,10.1145,106.1834,2024-03-15,3.100,historical_station_dataset,daily_linear_interpolation,false
Vung Liem,vinh-long,10.1145,106.1834,2024-03-16,3.320,historical_station_dataset,daily_linear_interpolation,true
Vung Liem,vinh-long,10.1145,106.1834,2024-03-17,3.540,historical_station_dataset,daily_linear_interpolation,true
Vung Liem,vinh-long,10.1145,106.1834,2024-03-18,3.760,historical_station_dataset,daily_linear_interpolation,true
Vung Liem,vinh-long,10.1145,106.1834,2024-03-19,3.980,historical_station_dataset,daily_linear_interpolation,true
Vung Liem,vinh-long,10.1145,106.1834,2024-03-20,4.200,historical_station_dataset,daily_linear_interpolation,false
Vung Liem,vinh-long,10.1145,106.1834,2024-03-21,4.080,historical_station_dataset,daily_linear_interpolation,true
Vung Liem,vinh-long,10.1145,106.1834,2024-03-22,3.960,historical_station_dataset,daily_linear_interpolation,true
Vung Liem,vinh-long,10.1145,106.1834,2024-03-23,3.840,historical_station_dataset,daily_linear_interpolation,true
Vung Liem,vinh-long,10.1145,106.1834,2024-03-24,3.720,historical_station_dataset,daily_linear_interpolation,true
Vung Liem,vinh-long,10.1145,106.1834,2024-03-25,3.600,historical_station_dataset,daily_linear_interpolation,false
Vung Liem,vinh-long,10.1145,106.1834,2024-03-26,3.860,historical_station_dataset,daily_linear_interpolation,true
Vung Liem,vinh-long,10.1145,106.1834,2024-03-27,4.120,historical_station_dataset,daily_linear_interpolation,true
Vung Liem,vinh-long,10.1145,106.1834,2024-03-28,4.380,historical_station_dataset,daily_linear_interpolation,true
Vung Liem,vinh-long,10.1145,106.1834,2024-03-29,4.640,historical_station_dataset,daily_linear_interpolation,true
Vung Liem,vinh-long,10.1145,106.1834,2024-03-30,4.900,historical_station_dataset,daily_linear_interpolation,false
Vung Liem,vinh-long,10.1145,106.1834,2024-03-31,4.983,historical_station_dataset,daily_linear_interpolation,true
Vung Liem,vinh-long,10.1145,106.1834,2024-04-01,5.067,historical_station_dataset,daily_linear_interpolation,true
Vung Liem,vinh-long,10.1145,106.1834,2024-04-02,5.150,historical_station_dataset,daily_linear_interpolation,true
Vung Liem,vinh-long,10.1145,106.1834,2024-04-03,5.233,historical_station_dataset,daily_linear_interpolation,true
Vung Liem,vinh-long,10.1145,106.1834,2024-04-04,5.317,historical_station_dataset,daily_linear_interpolation,true
Vung Liem,vinh-long,10.1145,106.1834,2024-04-05,5.400,historical_station_dataset,daily_linear_interpolation,false
Vung Liem,vinh-long,10.1145,106.1834,2024-04-06,5.480,historical_station_dataset,daily_linear_interpolation,true
Vung Liem,vinh-long,10.1145,106.1834,2024-04-07,5.560,historical_station_dataset,daily_linear_interpolation,true
Vung Liem,vinh-long,10.1145,106.1834,2024-04-08,5.640,historical_station_dataset,daily_linear_interpolation,true
Vung Liem,vinh-long,10.1145,106.1834,2024-04-09,5.720,historical_station_dataset,daily_linear_interpolation,true
Vung Liem,vinh-long,10.1145,106.1834,2024-04-10,5.800,historical_station_dataset,daily_linear_interpolation,false
Vung Liem,vinh-long,10.1145,106.1834,2024-04-11,5.540,historical_station_dataset,daily_linear_interpolation,true
Vung Liem,vinh-long,10.1145,106.1834,2024-04-12,5.280,historical_station_dataset,daily_linear_interpolation,true
Vung Liem,vinh-long,10.1145,106.1834,2024-04-13,5.020,historical_station_dataset,daily_linear_interpolation,true
Vung Liem,vinh-long,10.1145,106.1834,2024-04-14,4.760,historical_station_dataset,daily_linear_interpolation,true
Vung Liem,vinh-long,10.1145,106.1834,2024-04-15,4.500,historical_station_dataset,daily_linear_interpolation,false
Vung Liem,vinh-long,10.1145,106.1834,2024-04-16,4.220,historical_station_dataset,daily_linear_interpolation,true
Vung Liem,vinh-long,10.1145,106.1834,2024-04-17,3.940,historical_station_dataset,daily_linear_interpolation,true
Vung Liem,vinh-long,10.1145,106.1834,2024-04-18,3.660,historical_station_dataset,daily_linear_interpolation,true
Vung Liem,vinh-long,10.1145,106.1834,2024-04-19,3.380,historical_station_dataset,daily_linear_interpolation,true
Vung Liem,vinh-long,10.1145,106.1834,2024-04-20,3.100,historical_station_dataset,daily_linear_interpolation,false
Vung Liem,vinh-long,10.1145,106.1834,2024-04-21,2.840,historical_station_dataset,daily_linear_interpolation,true
Vung Liem,vinh-long,10.1145,106.1834,2024-04-22,2.580,historical_station_dataset,daily_linear_interpolation,true
Vung Liem,vinh-long,10.1145,106.1834,2024-04-23,2.320,historical_station_dataset,daily_linear_interpolation,true
Vung Liem,vinh-long,10.1145,106.1834,2024-04-24,2.060,historical_station_dataset,daily_linear_interpolation,true
Vung Liem,vinh-long,10.1145,106.1834,2024-04-25,1.800,historical_station_dataset,daily_linear_interpolation,false
Vung Liem,vinh-long,10.1145,106.1834,2024-04-26,1.580,historical_station_dataset,daily_linear_interpolation,true
Vung Liem,vinh-long,10.1145,106.1834,2024-04-27,1.360,historical_station_dataset,daily_linear_interpolation,true
Vung Liem,vinh-long,10.1145,106.1834,2024-04-28,1.140,historical_station_dataset,daily_linear_interpolation,true
Vung Liem,vinh-long,10.1145,106.1834,2024-04-29,0.920,historical_station_dataset,daily_linear_interpolation,true
Vung Liem,vinh-long,10.1145,106.1834,2024-04-30,0.7,historical_station_dataset,daily_linear_interpolation,false
Son Doc,ben-tre,10.1256,106.4121,2024-01-15,3.200,historical_station_dataset,daily_linear_interpolation,false
Son Doc,ben-tre,10.1256,106.4121,2024-01-16,3.287,historical_station_dataset,daily_linear_interpolation,true
Son Doc,ben-tre,10.1256,106.4121,2024-01-17,3.373,historical_station_dataset,daily_linear_interpolation,true
Son Doc,ben-tre,10.1256,106.4121,2024-01-18,3.460,historical_station_dataset,daily_linear_interpolation,true
Son Doc,ben-tre,10.1256,106.4121,2024-01-19,3.547,historical_station_dataset,daily_linear_interpolation,true
Son Doc,ben-tre,10.1256,106.4121,2024-01-20,3.633,historical_station_dataset,daily_linear_interpolation,true
Son Doc,ben-tre,10.1256,106.4121,2024-01-21,3.720,historical_station_dataset,daily_linear_interpolation,true
Son Doc,ben-tre,10.1256,106.4121,2024-01-22,3.807,historical_station_dataset,daily_linear_interpolation,true
Son Doc,ben-tre,10.1256,106.4121,2024-01-23,3.893,historical_station_dataset,daily_linear_interpolation,true
Son Doc,ben-tre,10.1256,106.4121,2024-01-24,3.980,historical_station_dataset,daily_linear_interpolation,true
Son Doc,ben-tre,10.1256,106.4121,2024-01-25,4.067,historical_station_dataset,daily_linear_interpolation,true
Son Doc,ben-tre,10.1256,106.4121,2024-01-26,4.153,historical_station_dataset,daily_linear_interpolation,true
Son Doc,ben-tre,10.1256,106.4121,2024-01-27,4.240,historical_station_dataset,daily_linear_interpolation,true
Son Doc,ben-tre,10.1256,106.4121,2024-01-28,4.327,historical_station_dataset,daily_linear_interpolation,true
Son Doc,ben-tre,10.1256,106.4121,2024-01-29,4.413,historical_station_dataset,daily_linear_interpolation,true
Son Doc,ben-tre,10.1256,106.4121,2024-01-30,4.500,historical_station_dataset,daily_linear_interpolation,false
Son Doc,ben-tre,10.1256,106.4121,2024-01-31,4.600,historical_station_dataset,daily_linear_interpolation,true
Son Doc,ben-tre,10.1256,106.4121,2024-02-01,4.700,historical_station_dataset,daily_linear_interpolation,true
Son Doc,ben-tre,10.1256,106.4121,2024-02-02,4.800,historical_station_dataset,daily_linear_interpolation,true
Son Doc,ben-tre,10.1256,106.4121,2024-02-03,4.900,historical_station_dataset,daily_linear_interpolation,true
Son Doc,ben-tre,10.1256,106.4121,2024-02-04,5.000,historical_station_dataset,daily_linear_interpolation,true
Son Doc,ben-tre,10.1256,106.4121,2024-02-05,5.100,historical_station_dataset,daily_linear_interpolation,true
Son Doc,ben-tre,10.1256,106.4121,2024-02-06,5.200,historical_station_dataset,daily_linear_interpolation,true
Son Doc,ben-tre,10.1256,106.4121,2024-02-07,5.300,historical_station_dataset,daily_linear_interpolation,true
Son Doc,ben-tre,10.1256,106.4121,2024-02-08,5.400,historical_station_dataset,daily_linear_interpolation,true
Son Doc,ben-tre,10.1256,106.4121,2024-02-09,5.500,historical_station_dataset,daily_linear_interpolation,true
Son Doc,ben-tre,10.1256,106.4121,2024-02-10,5.600,historical_station_dataset,daily_linear_interpolation,true
Son Doc,ben-tre,10.1256,106.4121,2024-02-11,5.700,historical_station_dataset,daily_linear_interpolation,true
Son Doc,ben-tre,10.1256,106.4121,2024-02-12,5.800,historical_station_dataset,daily_linear_interpolation,true
Son Doc,ben-tre,10.1256,106.4121,2024-02-13,5.900,historical_station_dataset,daily_linear_interpolation,true
Son Doc,ben-tre,10.1256,106.4121,2024-02-14,6.000,historical_station_dataset,daily_linear_interpolation,true
Son Doc,ben-tre,10.1256,106.4121,2024-02-15,6.100,historical_station_dataset,daily_linear_interpolation,false
Son Doc,ben-tre,10.1256,106.4121,2024-02-16,6.277,historical_station_dataset,daily_linear_interpolation,true
Son Doc,ben-tre,10.1256,106.4121,2024-02-17,6.454,historical_station_dataset,daily_linear_interpolation,true
Son Doc,ben-tre,10.1256,106.4121,2024-02-18,6.631,historical_station_dataset,daily_linear_interpolation,true
Son Doc,ben-tre,10.1256,106.4121,2024-02-19,6.808,historical_station_dataset,daily_linear_interpolation,true
Son Doc,ben-tre,10.1256,106.4121,2024-02-20,6.985,historical_station_dataset,daily_linear_interpolation,true
Son Doc,ben-tre,10.1256,106.4121,2024-02-21,7.162,historical_station_dataset,daily_linear_interpolation,true
Son Doc,ben-tre,10.1256,106.4121,2024-02-22,7.338,historical_station_dataset,daily_linear_interpolation,true
Son Doc,ben-tre,10.1256,106.4121,2024-02-23,7.515,historical_station_dataset,daily_linear_interpolation,true
Son Doc,ben-tre,10.1256,106.4121,2024-02-24,7.692,historical_station_dataset,daily_linear_interpolation,true
Son Doc,ben-tre,10.1256,106.4121,2024-02-25,7.869,historical_station_dataset,daily_linear_interpolation,true
Son Doc,ben-tre,10.1256,106.4121,2024-02-26,8.046,historical_station_dataset,daily_linear_interpolation,true
Son Doc,ben-tre,10.1256,106.4121,2024-02-27,8.223,historical_station_dataset,daily_linear_interpolation,true
Son Doc,ben-tre,10.1256,106.4121,2024-02-28,8.400,historical_station_dataset,daily_linear_interpolation,false
Son Doc,ben-tre,10.1256,106.4121,2024-02-29,8.573,historical_station_dataset,daily_linear_interpolation,true
Son Doc,ben-tre,10.1256,106.4121,2024-03-01,8.745,historical_station_dataset,daily_linear_interpolation,true
Son Doc,ben-tre,10.1256,106.4121,2024-03-02,8.918,historical_station_dataset,daily_linear_interpolation,true
Son Doc,ben-tre,10.1256,106.4121,2024-03-03,9.091,historical_station_dataset,daily_linear_interpolation,true
Son Doc,ben-tre,10.1256,106.4121,2024-03-04,9.264,historical_station_dataset,daily_linear_interpolation,true
Son Doc,ben-tre,10.1256,106.4121,2024-03-05,9.436,historical_station_dataset,daily_linear_interpolation,true
Son Doc,ben-tre,10.1256,106.4121,2024-03-06,9.609,historical_station_dataset,daily_linear_interpolation,true
Son Doc,ben-tre,10.1256,106.4121,2024-03-07,9.782,historical_station_dataset,daily_linear_interpolation,true
Son Doc,ben-tre,10.1256,106.4121,2024-03-08,9.955,historical_station_dataset,daily_linear_interpolation,true
Son Doc,ben-tre,10.1256,106.4121,2024-03-09,10.127,historical_station_dataset,daily_linear_interpolation,true
Son Doc,ben-tre,10.1256,106.4121,2024-03-10,10.300,historical_station_dataset,daily_linear_interpolation,false
Son Doc,ben-tre,10.1256,106.4121,2024-03-11,10.600,historical_station_dataset,daily_linear_interpolation,true
Son Doc,ben-tre,10.1256,106.4121,2024-03-12,10.900,historical_station_dataset,daily_linear_interpolation,true
Son Doc,ben-tre,10.1256,106.4121,2024-03-13,11.200,historical_station_dataset,daily_linear_interpolation,true
Son Doc,ben-tre,10.1256,106.4121,2024-03-14,11.500,historical_station_dataset,daily_linear_interpolation,true
Son Doc,ben-tre,10.1256,106.4121,2024-03-15,11.800,historical_station_dataset,daily_linear_interpolation,false
Son Doc,ben-tre,10.1256,106.4121,2024-03-16,12.220,historical_station_dataset,daily_linear_interpolation,true
Son Doc,ben-tre,10.1256,106.4121,2024-03-17,12.640,historical_station_dataset,daily_linear_interpolation,true
Son Doc,ben-tre,10.1256,106.4121,2024-03-18,13.060,historical_station_dataset,daily_linear_interpolation,true
Son Doc,ben-tre,10.1256,106.4121,2024-03-19,13.480,historical_station_dataset,daily_linear_interpolation,true
Son Doc,ben-tre,10.1256,106.4121,2024-03-20,13.900,historical_station_dataset,daily_linear_interpolation,false
Son Doc,ben-tre,10.1256,106.4121,2024-03-21,13.620,historical_station_dataset,daily_linear_interpolation,true
Son Doc,ben-tre,10.1256,106.4121,2024-03-22,13.340,historical_station_dataset,daily_linear_interpolation,true
Son Doc,ben-tre,10.1256,106.4121,2024-03-23,13.060,historical_station_dataset,daily_linear_interpolation,true
Son Doc,ben-tre,10.1256,106.4121,2024-03-24,12.780,historical_station_dataset,daily_linear_interpolation,true
Son Doc,ben-tre,10.1256,106.4121,2024-03-25,12.500,historical_station_dataset,daily_linear_interpolation,false
Son Doc,ben-tre,10.1256,106.4121,2024-03-26,12.960,historical_station_dataset,daily_linear_interpolation,true
Son Doc,ben-tre,10.1256,106.4121,2024-03-27,13.420,historical_station_dataset,daily_linear_interpolation,true
Son Doc,ben-tre,10.1256,106.4121,2024-03-28,13.880,historical_station_dataset,daily_linear_interpolation,true
Son Doc,ben-tre,10.1256,106.4121,2024-03-29,14.340,historical_station_dataset,daily_linear_interpolation,true
Son Doc,ben-tre,10.1256,106.4121,2024-03-30,14.800,historical_station_dataset,daily_linear_interpolation,false
Son Doc,ben-tre,10.1256,106.4121,2024-03-31,15.033,historical_station_dataset,daily_linear_interpolation,true
Son Doc,ben-tre,10.1256,106.4121,2024-04-01,15.267,historical_station_dataset,daily_linear_interpolation,true
Son Doc,ben-tre,10.1256,106.4121,2024-04-02,15.500,historical_station_dataset,daily_linear_interpolation,true
Son Doc,ben-tre,10.1256,106.4121,2024-04-03,15.733,historical_station_dataset,daily_linear_interpolation,true
Son Doc,ben-tre,10.1256,106.4121,2024-04-04,15.967,historical_station_dataset,daily_linear_interpolation,true
Son Doc,ben-tre,10.1256,106.4121,2024-04-05,16.200,historical_station_dataset,daily_linear_interpolation,false
Son Doc,ben-tre,10.1256,106.4121,2024-04-06,16.380,historical_station_dataset,daily_linear_interpolation,true
Son Doc,ben-tre,10.1256,106.4121,2024-04-07,16.560,historical_station_dataset,daily_linear_interpolation,true
Son Doc,ben-tre,10.1256,106.4121,2024-04-08,16.740,historical_station_dataset,daily_linear_interpolation,true
Son Doc,ben-tre,10.1256,106.4121,2024-04-09,16.920,historical_station_dataset,daily_linear_interpolation,true
Son Doc,ben-tre,10.1256,106.4121,2024-04-10,17.100,historical_station_dataset,daily_linear_interpolation,false
Son Doc,ben-tre,10.1256,106.4121,2024-04-11,16.660,historical_station_dataset,daily_linear_interpolation,true
Son Doc,ben-tre,10.1256,106.4121,2024-04-12,16.220,historical_station_dataset,daily_linear_interpolation,true
Son Doc,ben-tre,10.1256,106.4121,2024-04-13,15.780,historical_station_dataset,daily_linear_interpolation,true
Son Doc,ben-tre,10.1256,106.4121,2024-04-14,15.340,historical_station_dataset,daily_linear_interpolation,true
Son Doc,ben-tre,10.1256,106.4121,2024-04-15,14.900,historical_station_dataset,daily_linear_interpolation,false
Son Doc,ben-tre,10.1256,106.4121,2024-04-16,14.180,historical_station_dataset,daily_linear_interpolation,true
Son Doc,ben-tre,10.1256,106.4121,2024-04-17,13.460,historical_station_dataset,daily_linear_interpolation,true
Son Doc,ben-tre,10.1256,106.4121,2024-04-18,12.740,historical_station_dataset,daily_linear_interpolation,true
Son Doc,ben-tre,10.1256,106.4121,2024-04-19,12.020,historical_station_dataset,daily_linear_interpolation,true
Son Doc,ben-tre,10.1256,106.4121,2024-04-20,11.300,historical_station_dataset,daily_linear_interpolation,false
Son Doc,ben-tre,10.1256,106.4121,2024-04-21,10.620,historical_station_dataset,daily_linear_interpolation,true
Son Doc,ben-tre,10.1256,106.4121,2024-04-22,9.940,historical_station_dataset,daily_linear_interpolation,true
Son Doc,ben-tre,10.1256,106.4121,2024-04-23,9.260,historical_station_dataset,daily_linear_interpolation,true
Son Doc,ben-tre,10.1256,106.4121,2024-04-24,8.580,historical_station_dataset,daily_linear_interpolation,true
Son Doc,ben-tre,10.1256,106.4121,2024-04-25,7.900,historical_station_dataset,daily_linear_interpolation,false
Son Doc,ben-tre,10.1256,106.4121,2024-04-26,7.240,historical_station_dataset,daily_linear_interpolation,true
Son Doc,ben-tre,10.1256,106.4121,2024-04-27,6.580,historical_station_dataset,daily_linear_interpolation,true
Son Doc,ben-tre,10.1256,106.4121,2024-04-28,5.920,historical_station_dataset,daily_linear_interpolation,true
Son Doc,ben-tre,10.1256,106.4121,2024-04-29,5.260,historical_station_dataset,daily_linear_interpolation,true
Son Doc,ben-tre,10.1256,106.4121,2024-04-30,4.6,historical_station_dataset,daily_linear_interpolation,false
An Thuan,ben-tre,10.0654,106.5876,2024-01-15,8.100,historical_station_dataset,daily_linear_interpolation,false
An Thuan,ben-tre,10.0654,106.5876,2024-01-16,8.207,historical_station_dataset,daily_linear_interpolation,true
An Thuan,ben-tre,10.0654,106.5876,2024-01-17,8.313,historical_station_dataset,daily_linear_interpolation,true
An Thuan,ben-tre,10.0654,106.5876,2024-01-18,8.420,historical_station_dataset,daily_linear_interpolation,true
An Thuan,ben-tre,10.0654,106.5876,2024-01-19,8.527,historical_station_dataset,daily_linear_interpolation,true
An Thuan,ben-tre,10.0654,106.5876,2024-01-20,8.633,historical_station_dataset,daily_linear_interpolation,true
An Thuan,ben-tre,10.0654,106.5876,2024-01-21,8.740,historical_station_dataset,daily_linear_interpolation,true
An Thuan,ben-tre,10.0654,106.5876,2024-01-22,8.847,historical_station_dataset,daily_linear_interpolation,true
An Thuan,ben-tre,10.0654,106.5876,2024-01-23,8.953,historical_station_dataset,daily_linear_interpolation,true
An Thuan,ben-tre,10.0654,106.5876,2024-01-24,9.060,historical_station_dataset,daily_linear_interpolation,true
An Thuan,ben-tre,10.0654,106.5876,2024-01-25,9.167,historical_station_dataset,daily_linear_interpolation,true
An Thuan,ben-tre,10.0654,106.5876,2024-01-26,9.273,historical_station_dataset,daily_linear_interpolation,true
An Thuan,ben-tre,10.0654,106.5876,2024-01-27,9.380,historical_station_dataset,daily_linear_interpolation,true
An Thuan,ben-tre,10.0654,106.5876,2024-01-28,9.487,historical_station_dataset,daily_linear_interpolation,true
An Thuan,ben-tre,10.0654,106.5876,2024-01-29,9.593,historical_station_dataset,daily_linear_interpolation,true
An Thuan,ben-tre,10.0654,106.5876,2024-01-30,9.700,historical_station_dataset,daily_linear_interpolation,false
An Thuan,ben-tre,10.0654,106.5876,2024-01-31,9.806,historical_station_dataset,daily_linear_interpolation,true
An Thuan,ben-tre,10.0654,106.5876,2024-02-01,9.912,historical_station_dataset,daily_linear_interpolation,true
An Thuan,ben-tre,10.0654,106.5876,2024-02-02,10.019,historical_station_dataset,daily_linear_interpolation,true
An Thuan,ben-tre,10.0654,106.5876,2024-02-03,10.125,historical_station_dataset,daily_linear_interpolation,true
An Thuan,ben-tre,10.0654,106.5876,2024-02-04,10.231,historical_station_dataset,daily_linear_interpolation,true
An Thuan,ben-tre,10.0654,106.5876,2024-02-05,10.338,historical_station_dataset,daily_linear_interpolation,true
An Thuan,ben-tre,10.0654,106.5876,2024-02-06,10.444,historical_station_dataset,daily_linear_interpolation,true
An Thuan,ben-tre,10.0654,106.5876,2024-02-07,10.550,historical_station_dataset,daily_linear_interpolation,true
An Thuan,ben-tre,10.0654,106.5876,2024-02-08,10.656,historical_station_dataset,daily_linear_interpolation,true
An Thuan,ben-tre,10.0654,106.5876,2024-02-09,10.762,historical_station_dataset,daily_linear_interpolation,true
An Thuan,ben-tre,10.0654,106.5876,2024-02-10,10.869,historical_station_dataset,daily_linear_interpolation,true
An Thuan,ben-tre,10.0654,106.5876,2024-02-11,10.975,historical_station_dataset,daily_linear_interpolation,true
An Thuan,ben-tre,10.0654,106.5876,2024-02-12,11.081,historical_station_dataset,daily_linear_interpolation,true
An Thuan,ben-tre,10.0654,106.5876,2024-02-13,11.188,historical_station_dataset,daily_linear_interpolation,true
An Thuan,ben-tre,10.0654,106.5876,2024-02-14,11.294,historical_station_dataset,daily_linear_interpolation,true
An Thuan,ben-tre,10.0654,106.5876,2024-02-15,11.400,historical_station_dataset,daily_linear_interpolation,false
An Thuan,ben-tre,10.0654,106.5876,2024-02-16,11.615,historical_station_dataset,daily_linear_interpolation,true
An Thuan,ben-tre,10.0654,106.5876,2024-02-17,11.831,historical_station_dataset,daily_linear_interpolation,true
An Thuan,ben-tre,10.0654,106.5876,2024-02-18,12.046,historical_station_dataset,daily_linear_interpolation,true
An Thuan,ben-tre,10.0654,106.5876,2024-02-19,12.262,historical_station_dataset,daily_linear_interpolation,true
An Thuan,ben-tre,10.0654,106.5876,2024-02-20,12.477,historical_station_dataset,daily_linear_interpolation,true
An Thuan,ben-tre,10.0654,106.5876,2024-02-21,12.692,historical_station_dataset,daily_linear_interpolation,true
An Thuan,ben-tre,10.0654,106.5876,2024-02-22,12.908,historical_station_dataset,daily_linear_interpolation,true
An Thuan,ben-tre,10.0654,106.5876,2024-02-23,13.123,historical_station_dataset,daily_linear_interpolation,true
An Thuan,ben-tre,10.0654,106.5876,2024-02-24,13.338,historical_station_dataset,daily_linear_interpolation,true
An Thuan,ben-tre,10.0654,106.5876,2024-02-25,13.554,historical_station_dataset,daily_linear_interpolation,true
An Thuan,ben-tre,10.0654,106.5876,2024-02-26,13.769,historical_station_dataset,daily_linear_interpolation,true
An Thuan,ben-tre,10.0654,106.5876,2024-02-27,13.985,historical_station_dataset,daily_linear_interpolation,true
An Thuan,ben-tre,10.0654,106.5876,2024-02-28,14.200,historical_station_dataset,daily_linear_interpolation,false
An Thuan,ben-tre,10.0654,106.5876,2024-02-29,14.409,historical_station_dataset,daily_linear_interpolation,true
An Thuan,ben-tre,10.0654,106.5876,2024-03-01,14.618,historical_station_dataset,daily_linear_interpolation,true
An Thuan,ben-tre,10.0654,106.5876,2024-03-02,14.827,historical_station_dataset,daily_linear_interpolation,true
An Thuan,ben-tre,10.0654,106.5876,2024-03-03,15.036,historical_station_dataset,daily_linear_interpolation,true
An Thuan,ben-tre,10.0654,106.5876,2024-03-04,15.245,historical_station_dataset,daily_linear_interpolation,true
An Thuan,ben-tre,10.0654,106.5876,2024-03-05,15.455,historical_station_dataset,daily_linear_interpolation,true
An Thuan,ben-tre,10.0654,106.5876,2024-03-06,15.664,historical_station_dataset,daily_linear_interpolation,true
An Thuan,ben-tre,10.0654,106.5876,2024-03-07,15.873,historical_station_dataset,daily_linear_interpolation,true
An Thuan,ben-tre,10.0654,106.5876,2024-03-08,16.082,historical_station_dataset,daily_linear_interpolation,true
An Thuan,ben-tre,10.0654,106.5876,2024-03-09,16.291,historical_station_dataset,daily_linear_interpolation,true
An Thuan,ben-tre,10.0654,106.5876,2024-03-10,16.500,historical_station_dataset,daily_linear_interpolation,false
An Thuan,ben-tre,10.0654,106.5876,2024-03-11,16.860,historical_station_dataset,daily_linear_interpolation,true
An Thuan,ben-tre,10.0654,106.5876,2024-03-12,17.220,historical_station_dataset,daily_linear_interpolation,true
An Thuan,ben-tre,10.0654,106.5876,2024-03-13,17.580,historical_station_dataset,daily_linear_interpolation,true
An Thuan,ben-tre,10.0654,106.5876,2024-03-14,17.940,historical_station_dataset,daily_linear_interpolation,true
An Thuan,ben-tre,10.0654,106.5876,2024-03-15,18.300,historical_station_dataset,daily_linear_interpolation,false
An Thuan,ben-tre,10.0654,106.5876,2024-03-16,18.880,historical_station_dataset,daily_linear_interpolation,true
An Thuan,ben-tre,10.0654,106.5876,2024-03-17,19.460,historical_station_dataset,daily_linear_interpolation,true
An Thuan,ben-tre,10.0654,106.5876,2024-03-18,20.040,historical_station_dataset,daily_linear_interpolation,true
An Thuan,ben-tre,10.0654,106.5876,2024-03-19,20.620,historical_station_dataset,daily_linear_interpolation,true
An Thuan,ben-tre,10.0654,106.5876,2024-03-20,21.200,historical_station_dataset,daily_linear_interpolation,false
An Thuan,ben-tre,10.0654,106.5876,2024-03-21,20.920,historical_station_dataset,daily_linear_interpolation,true
An Thuan,ben-tre,10.0654,106.5876,2024-03-22,20.640,historical_station_dataset,daily_linear_interpolation,true
An Thuan,ben-tre,10.0654,106.5876,2024-03-23,20.360,historical_station_dataset,daily_linear_interpolation,true
An Thuan,ben-tre,10.0654,106.5876,2024-03-24,20.080,historical_station_dataset,daily_linear_interpolation,true
An Thuan,ben-tre,10.0654,106.5876,2024-03-25,19.800,historical_station_dataset,daily_linear_interpolation,false
An Thuan,ben-tre,10.0654,106.5876,2024-03-26,20.320,historical_station_dataset,daily_linear_interpolation,true
An Thuan,ben-tre,10.0654,106.5876,2024-03-27,20.840,historical_station_dataset,daily_linear_interpolation,true
An Thuan,ben-tre,10.0654,106.5876,2024-03-28,21.360,historical_station_dataset,daily_linear_interpolation,true
An Thuan,ben-tre,10.0654,106.5876,2024-03-29,21.880,historical_station_dataset,daily_linear_interpolation,true
An Thuan,ben-tre,10.0654,106.5876,2024-03-30,22.400,historical_station_dataset,daily_linear_interpolation,false
An Thuan,ben-tre,10.0654,106.5876,2024-03-31,22.683,historical_station_dataset,daily_linear_interpolation,true
An Thuan,ben-tre,10.0654,106.5876,2024-04-01,22.967,historical_station_dataset,daily_linear_interpolation,true
An Thuan,ben-tre,10.0654,106.5876,2024-04-02,23.250,historical_station_dataset,daily_linear_interpolation,true
An Thuan,ben-tre,10.0654,106.5876,2024-04-03,23.533,historical_station_dataset,daily_linear_interpolation,true
An Thuan,ben-tre,10.0654,106.5876,2024-04-04,23.817,historical_station_dataset,daily_linear_interpolation,true
An Thuan,ben-tre,10.0654,106.5876,2024-04-05,24.100,historical_station_dataset,daily_linear_interpolation,false
An Thuan,ben-tre,10.0654,106.5876,2024-04-06,24.260,historical_station_dataset,daily_linear_interpolation,true
An Thuan,ben-tre,10.0654,106.5876,2024-04-07,24.420,historical_station_dataset,daily_linear_interpolation,true
An Thuan,ben-tre,10.0654,106.5876,2024-04-08,24.580,historical_station_dataset,daily_linear_interpolation,true
An Thuan,ben-tre,10.0654,106.5876,2024-04-09,24.740,historical_station_dataset,daily_linear_interpolation,true
An Thuan,ben-tre,10.0654,106.5876,2024-04-10,24.900,historical_station_dataset,daily_linear_interpolation,false
An Thuan,ben-tre,10.0654,106.5876,2024-04-11,24.380,historical_station_dataset,daily_linear_interpolation,true
An Thuan,ben-tre,10.0654,106.5876,2024-04-12,23.860,historical_station_dataset,daily_linear_interpolation,true
An Thuan,ben-tre,10.0654,106.5876,2024-04-13,23.340,historical_station_dataset,daily_linear_interpolation,true
An Thuan,ben-tre,10.0654,106.5876,2024-04-14,22.820,historical_station_dataset,daily_linear_interpolation,true
An Thuan,ben-tre,10.0654,106.5876,2024-04-15,22.300,historical_station_dataset,daily_linear_interpolation,false
An Thuan,ben-tre,10.0654,106.5876,2024-04-16,21.580,historical_station_dataset,daily_linear_interpolation,true
An Thuan,ben-tre,10.0654,106.5876,2024-04-17,20.860,historical_station_dataset,daily_linear_interpolation,true
An Thuan,ben-tre,10.0654,106.5876,2024-04-18,20.140,historical_station_dataset,daily_linear_interpolation,true
An Thuan,ben-tre,10.0654,106.5876,2024-04-19,19.420,historical_station_dataset,daily_linear_interpolation,true
An Thuan,ben-tre,10.0654,106.5876,2024-04-20,18.700,historical_station_dataset,daily_linear_interpolation,false
An Thuan,ben-tre,10.0654,106.5876,2024-04-21,17.860,historical_station_dataset,daily_linear_interpolation,true
An Thuan,ben-tre,10.0654,106.5876,2024-04-22,17.020,historical_station_dataset,daily_linear_interpolation,true
An Thuan,ben-tre,10.0654,106.5876,2024-04-23,16.180,historical_station_dataset,daily_linear_interpolation,true
An Thuan,ben-tre,10.0654,106.5876,2024-04-24,15.340,historical_station_dataset,daily_linear_interpolation,true
An Thuan,ben-tre,10.0654,106.5876,2024-04-25,14.500,historical_station_dataset,daily_linear_interpolation,false
An Thuan,ben-tre,10.0654,106.5876,2024-04-26,13.640,historical_station_dataset,daily_linear_interpolation,true
An Thuan,ben-tre,10.0654,106.5876,2024-04-27,12.780,historical_station_dataset,daily_linear_interpolation,true
An Thuan,ben-tre,10.0654,106.5876,2024-04-28,11.920,historical_station_dataset,daily_linear_interpolation,true
An Thuan,ben-tre,10.0654,106.5876,2024-04-29,11.060,historical_station_dataset,daily_linear_interpolation,true
An Thuan,ben-tre,10.0654,106.5876,2024-04-30,10.2,historical_station_dataset,daily_linear_interpolation,false
Binh Dai,ben-tre,10.1823,106.6743,2024-01-15,9.500,historical_station_dataset,daily_linear_interpolation,false
Binh Dai,ben-tre,10.1823,106.6743,2024-01-16,9.613,historical_station_dataset,daily_linear_interpolation,true
Binh Dai,ben-tre,10.1823,106.6743,2024-01-17,9.727,historical_station_dataset,daily_linear_interpolation,true
Binh Dai,ben-tre,10.1823,106.6743,2024-01-18,9.840,historical_station_dataset,daily_linear_interpolation,true
Binh Dai,ben-tre,10.1823,106.6743,2024-01-19,9.953,historical_station_dataset,daily_linear_interpolation,true
Binh Dai,ben-tre,10.1823,106.6743,2024-01-20,10.067,historical_station_dataset,daily_linear_interpolation,true
Binh Dai,ben-tre,10.1823,106.6743,2024-01-21,10.180,historical_station_dataset,daily_linear_interpolation,true
Binh Dai,ben-tre,10.1823,106.6743,2024-01-22,10.293,historical_station_dataset,daily_linear_interpolation,true
Binh Dai,ben-tre,10.1823,106.6743,2024-01-23,10.407,historical_station_dataset,daily_linear_interpolation,true
Binh Dai,ben-tre,10.1823,106.6743,2024-01-24,10.520,historical_station_dataset,daily_linear_interpolation,true
Binh Dai,ben-tre,10.1823,106.6743,2024-01-25,10.633,historical_station_dataset,daily_linear_interpolation,true
Binh Dai,ben-tre,10.1823,106.6743,2024-01-26,10.747,historical_station_dataset,daily_linear_interpolation,true
Binh Dai,ben-tre,10.1823,106.6743,2024-01-27,10.860,historical_station_dataset,daily_linear_interpolation,true
Binh Dai,ben-tre,10.1823,106.6743,2024-01-28,10.973,historical_station_dataset,daily_linear_interpolation,true
Binh Dai,ben-tre,10.1823,106.6743,2024-01-29,11.087,historical_station_dataset,daily_linear_interpolation,true
Binh Dai,ben-tre,10.1823,106.6743,2024-01-30,11.200,historical_station_dataset,daily_linear_interpolation,false
Binh Dai,ben-tre,10.1823,106.6743,2024-01-31,11.337,historical_station_dataset,daily_linear_interpolation,true
Binh Dai,ben-tre,10.1823,106.6743,2024-02-01,11.475,historical_station_dataset,daily_linear_interpolation,true
Binh Dai,ben-tre,10.1823,106.6743,2024-02-02,11.612,historical_station_dataset,daily_linear_interpolation,true
Binh Dai,ben-tre,10.1823,106.6743,2024-02-03,11.750,historical_station_dataset,daily_linear_interpolation,true
Binh Dai,ben-tre,10.1823,106.6743,2024-02-04,11.887,historical_station_dataset,daily_linear_interpolation,true
Binh Dai,ben-tre,10.1823,106.6743,2024-02-05,12.025,historical_station_dataset,daily_linear_interpolation,true
Binh Dai,ben-tre,10.1823,106.6743,2024-02-06,12.162,historical_station_dataset,daily_linear_interpolation,true
Binh Dai,ben-tre,10.1823,106.6743,2024-02-07,12.300,historical_station_dataset,daily_linear_interpolation,true
Binh Dai,ben-tre,10.1823,106.6743,2024-02-08,12.438,historical_station_dataset,daily_linear_interpolation,true
Binh Dai,ben-tre,10.1823,106.6743,2024-02-09,12.575,historical_station_dataset,daily_linear_interpolation,true
Binh Dai,ben-tre,10.1823,106.6743,2024-02-10,12.713,historical_station_dataset,daily_linear_interpolation,true
Binh Dai,ben-tre,10.1823,106.6743,2024-02-11,12.850,historical_station_dataset,daily_linear_interpolation,true
Binh Dai,ben-tre,10.1823,106.6743,2024-02-12,12.988,historical_station_dataset,daily_linear_interpolation,true
Binh Dai,ben-tre,10.1823,106.6743,2024-02-13,13.125,historical_station_dataset,daily_linear_interpolation,true
Binh Dai,ben-tre,10.1823,106.6743,2024-02-14,13.262,historical_station_dataset,daily_linear_interpolation,true
Binh Dai,ben-tre,10.1823,106.6743,2024-02-15,13.400,historical_station_dataset,daily_linear_interpolation,false
Binh Dai,ben-tre,10.1823,106.6743,2024-02-16,13.638,historical_station_dataset,daily_linear_interpolation,true
Binh Dai,ben-tre,10.1823,106.6743,2024-02-17,13.877,historical_station_dataset,daily_linear_interpolation,true
Binh Dai,ben-tre,10.1823,106.6743,2024-02-18,14.115,historical_station_dataset,daily_linear_interpolation,true
Binh Dai,ben-tre,10.1823,106.6743,2024-02-19,14.354,historical_station_dataset,daily_linear_interpolation,true
Binh Dai,ben-tre,10.1823,106.6743,2024-02-20,14.592,historical_station_dataset,daily_linear_interpolation,true
Binh Dai,ben-tre,10.1823,106.6743,2024-02-21,14.831,historical_station_dataset,daily_linear_interpolation,true
Binh Dai,ben-tre,10.1823,106.6743,2024-02-22,15.069,historical_station_dataset,daily_linear_interpolation,true
Binh Dai,ben-tre,10.1823,106.6743,2024-02-23,15.308,historical_station_dataset,daily_linear_interpolation,true
Binh Dai,ben-tre,10.1823,106.6743,2024-02-24,15.546,historical_station_dataset,daily_linear_interpolation,true
Binh Dai,ben-tre,10.1823,106.6743,2024-02-25,15.785,historical_station_dataset,daily_linear_interpolation,true
Binh Dai,ben-tre,10.1823,106.6743,2024-02-26,16.023,historical_station_dataset,daily_linear_interpolation,true
Binh Dai,ben-tre,10.1823,106.6743,2024-02-27,16.262,historical_station_dataset,daily_linear_interpolation,true
Binh Dai,ben-tre,10.1823,106.6743,2024-02-28,16.500,historical_station_dataset,daily_linear_interpolation,false
Binh Dai,ben-tre,10.1823,106.6743,2024-02-29,16.718,historical_station_dataset,daily_linear_interpolation,true
Binh Dai,ben-tre,10.1823,106.6743,2024-03-01,16.936,historical_station_dataset,daily_linear_interpolation,true
Binh Dai,ben-tre,10.1823,106.6743,2024-03-02,17.155,historical_station_dataset,daily_linear_interpolation,true
Binh Dai,ben-tre,10.1823,106.6743,2024-03-03,17.373,historical_station_dataset,daily_linear_interpolation,true
Binh Dai,ben-tre,10.1823,106.6743,2024-03-04,17.591,historical_station_dataset,daily_linear_interpolation,true
Binh Dai,ben-tre,10.1823,106.6743,2024-03-05,17.809,historical_station_dataset,daily_linear_interpolation,true
Binh Dai,ben-tre,10.1823,106.6743,2024-03-06,18.027,historical_station_dataset,daily_linear_interpolation,true
Binh Dai,ben-tre,10.1823,106.6743,2024-03-07,18.245,historical_station_dataset,daily_linear_interpolation,true
Binh Dai,ben-tre,10.1823,106.6743,2024-03-08,18.464,historical_station_dataset,daily_linear_interpolation,true
Binh Dai,ben-tre,10.1823,106.6743,2024-03-09,18.682,historical_station_dataset,daily_linear_interpolation,true
Binh Dai,ben-tre,10.1823,106.6743,2024-03-10,18.900,historical_station_dataset,daily_linear_interpolation,false
Binh Dai,ben-tre,10.1823,106.6743,2024-03-11,19.280,historical_station_dataset,daily_linear_interpolation,true
Binh Dai,ben-tre,10.1823,106.6743,2024-03-12,19.660,historical_station_dataset,daily_linear_interpolation,true
Binh Dai,ben-tre,10.1823,106.6743,2024-03-13,20.040,historical_station_dataset,daily_linear_interpolation,true
Binh Dai,ben-tre,10.1823,106.6743,2024-03-14,20.420,historical_station_dataset,daily_linear_interpolation,true
Binh Dai,ben-tre,10.1823,106.6743,2024-03-15,20.800,historical_station_dataset,daily_linear_interpolation,false
Binh Dai,ben-tre,10.1823,106.6743,2024-03-16,21.340,historical_station_dataset,daily_linear_interpolation,true
Binh Dai,ben-tre,10.1823,106.6743,2024-03-17,21.880,historical_station_dataset,daily_linear_interpolation,true
Binh Dai,ben-tre,10.1823,106.6743,2024-03-18,22.420,historical_station_dataset,daily_linear_interpolation,true
Binh Dai,ben-tre,10.1823,106.6743,2024-03-19,22.960,historical_station_dataset,daily_linear_interpolation,true
Binh Dai,ben-tre,10.1823,106.6743,2024-03-20,23.500,historical_station_dataset,daily_linear_interpolation,false
Binh Dai,ben-tre,10.1823,106.6743,2024-03-21,23.220,historical_station_dataset,daily_linear_interpolation,true
Binh Dai,ben-tre,10.1823,106.6743,2024-03-22,22.940,historical_station_dataset,daily_linear_interpolation,true
Binh Dai,ben-tre,10.1823,106.6743,2024-03-23,22.660,historical_station_dataset,daily_linear_interpolation,true
Binh Dai,ben-tre,10.1823,106.6743,2024-03-24,22.380,historical_station_dataset,daily_linear_interpolation,true
Binh Dai,ben-tre,10.1823,106.6743,2024-03-25,22.100,historical_station_dataset,daily_linear_interpolation,false
Binh Dai,ben-tre,10.1823,106.6743,2024-03-26,22.640,historical_station_dataset,daily_linear_interpolation,true
Binh Dai,ben-tre,10.1823,106.6743,2024-03-27,23.180,historical_station_dataset,daily_linear_interpolation,true
Binh Dai,ben-tre,10.1823,106.6743,2024-03-28,23.720,historical_station_dataset,daily_linear_interpolation,true
Binh Dai,ben-tre,10.1823,106.6743,2024-03-29,24.260,historical_station_dataset,daily_linear_interpolation,true
Binh Dai,ben-tre,10.1823,106.6743,2024-03-30,24.800,historical_station_dataset,daily_linear_interpolation,false
Binh Dai,ben-tre,10.1823,106.6743,2024-03-31,25.067,historical_station_dataset,daily_linear_interpolation,true
Binh Dai,ben-tre,10.1823,106.6743,2024-04-01,25.333,historical_station_dataset,daily_linear_interpolation,true
Binh Dai,ben-tre,10.1823,106.6743,2024-04-02,25.600,historical_station_dataset,daily_linear_interpolation,true
Binh Dai,ben-tre,10.1823,106.6743,2024-04-03,25.867,historical_station_dataset,daily_linear_interpolation,true
Binh Dai,ben-tre,10.1823,106.6743,2024-04-04,26.133,historical_station_dataset,daily_linear_interpolation,true
Binh Dai,ben-tre,10.1823,106.6743,2024-04-05,26.400,historical_station_dataset,daily_linear_interpolation,false
Binh Dai,ben-tre,10.1823,106.6743,2024-04-06,26.560,historical_station_dataset,daily_linear_interpolation,true
Binh Dai,ben-tre,10.1823,106.6743,2024-04-07,26.720,historical_station_dataset,daily_linear_interpolation,true
Binh Dai,ben-tre,10.1823,106.6743,2024-04-08,26.880,historical_station_dataset,daily_linear_interpolation,true
Binh Dai,ben-tre,10.1823,106.6743,2024-04-09,27.040,historical_station_dataset,daily_linear_interpolation,true
Binh Dai,ben-tre,10.1823,106.6743,2024-04-10,27.200,historical_station_dataset,daily_linear_interpolation,false
Binh Dai,ben-tre,10.1823,106.6743,2024-04-11,26.680,historical_station_dataset,daily_linear_interpolation,true
Binh Dai,ben-tre,10.1823,106.6743,2024-04-12,26.160,historical_station_dataset,daily_linear_interpolation,true
Binh Dai,ben-tre,10.1823,106.6743,2024-04-13,25.640,historical_station_dataset,daily_linear_interpolation,true
Binh Dai,ben-tre,10.1823,106.6743,2024-04-14,25.120,historical_station_dataset,daily_linear_interpolation,true
Binh Dai,ben-tre,10.1823,106.6743,2024-04-15,24.600,historical_station_dataset,daily_linear_interpolation,false
Binh Dai,ben-tre,10.1823,106.6743,2024-04-16,23.780,historical_station_dataset,daily_linear_interpolation,true
Binh Dai,ben-tre,10.1823,106.6743,2024-04-17,22.960,historical_station_dataset,daily_linear_interpolation,true
Binh Dai,ben-tre,10.1823,106.6743,2024-04-18,22.140,historical_station_dataset,daily_linear_interpolation,true
Binh Dai,ben-tre,10.1823,106.6743,2024-04-19,21.320,historical_station_dataset,daily_linear_interpolation,true
Binh Dai,ben-tre,10.1823,106.6743,2024-04-20,20.500,historical_station_dataset,daily_linear_interpolation,false
Binh Dai,ben-tre,10.1823,106.6743,2024-04-21,19.660,historical_station_dataset,daily_linear_interpolation,true
Binh Dai,ben-tre,10.1823,106.6743,2024-04-22,18.820,historical_station_dataset,daily_linear_interpolation,true
Binh Dai,ben-tre,10.1823,106.6743,2024-04-23,17.980,historical_station_dataset,daily_linear_interpolation,true
Binh Dai,ben-tre,10.1823,106.6743,2024-04-24,17.140,historical_station_dataset,daily_linear_interpolation,true
Binh Dai,ben-tre,10.1823,106.6743,2024-04-25,16.300,historical_station_dataset,daily_linear_interpolation,false
Binh Dai,ben-tre,10.1823,106.6743,2024-04-26,15.460,historical_station_dataset,daily_linear_interpolation,true
Binh Dai,ben-tre,10.1823,106.6743,2024-04-27,14.620,historical_station_dataset,daily_linear_interpolation,true
Binh Dai,ben-tre,10.1823,106.6743,2024-04-28,13.780,historical_station_dataset,daily_linear_interpolation,true
Binh Dai,ben-tre,10.1823,106.6743,2024-04-29,12.940,historical_station_dataset,daily_linear_interpolation,true
Binh Dai,ben-tre,10.1823,106.6743,2024-04-30,12.1,historical_station_dataset,daily_linear_interpolation,false
Hoa Binh,bac-lieu,9.1824,105.6215,2024-01-15,10.200,historical_station_dataset,daily_linear_interpolation,false
Hoa Binh,bac-lieu,9.1824,105.6215,2024-01-16,10.320,historical_station_dataset,daily_linear_interpolation,true
Hoa Binh,bac-lieu,9.1824,105.6215,2024-01-17,10.440,historical_station_dataset,daily_linear_interpolation,true
Hoa Binh,bac-lieu,9.1824,105.6215,2024-01-18,10.560,historical_station_dataset,daily_linear_interpolation,true
Hoa Binh,bac-lieu,9.1824,105.6215,2024-01-19,10.680,historical_station_dataset,daily_linear_interpolation,true
Hoa Binh,bac-lieu,9.1824,105.6215,2024-01-20,10.800,historical_station_dataset,daily_linear_interpolation,true
Hoa Binh,bac-lieu,9.1824,105.6215,2024-01-21,10.920,historical_station_dataset,daily_linear_interpolation,true
Hoa Binh,bac-lieu,9.1824,105.6215,2024-01-22,11.040,historical_station_dataset,daily_linear_interpolation,true
Hoa Binh,bac-lieu,9.1824,105.6215,2024-01-23,11.160,historical_station_dataset,daily_linear_interpolation,true
Hoa Binh,bac-lieu,9.1824,105.6215,2024-01-24,11.280,historical_station_dataset,daily_linear_interpolation,true
Hoa Binh,bac-lieu,9.1824,105.6215,2024-01-25,11.400,historical_station_dataset,daily_linear_interpolation,true
Hoa Binh,bac-lieu,9.1824,105.6215,2024-01-26,11.520,historical_station_dataset,daily_linear_interpolation,true
Hoa Binh,bac-lieu,9.1824,105.6215,2024-01-27,11.640,historical_station_dataset,daily_linear_interpolation,true
Hoa Binh,bac-lieu,9.1824,105.6215,2024-01-28,11.760,historical_station_dataset,daily_linear_interpolation,true
Hoa Binh,bac-lieu,9.1824,105.6215,2024-01-29,11.880,historical_station_dataset,daily_linear_interpolation,true
Hoa Binh,bac-lieu,9.1824,105.6215,2024-01-30,12.000,historical_station_dataset,daily_linear_interpolation,false
Hoa Binh,bac-lieu,9.1824,105.6215,2024-01-31,12.156,historical_station_dataset,daily_linear_interpolation,true
Hoa Binh,bac-lieu,9.1824,105.6215,2024-02-01,12.312,historical_station_dataset,daily_linear_interpolation,true
Hoa Binh,bac-lieu,9.1824,105.6215,2024-02-02,12.469,historical_station_dataset,daily_linear_interpolation,true
Hoa Binh,bac-lieu,9.1824,105.6215,2024-02-03,12.625,historical_station_dataset,daily_linear_interpolation,true
Hoa Binh,bac-lieu,9.1824,105.6215,2024-02-04,12.781,historical_station_dataset,daily_linear_interpolation,true
Hoa Binh,bac-lieu,9.1824,105.6215,2024-02-05,12.938,historical_station_dataset,daily_linear_interpolation,true
Hoa Binh,bac-lieu,9.1824,105.6215,2024-02-06,13.094,historical_station_dataset,daily_linear_interpolation,true
Hoa Binh,bac-lieu,9.1824,105.6215,2024-02-07,13.250,historical_station_dataset,daily_linear_interpolation,true
Hoa Binh,bac-lieu,9.1824,105.6215,2024-02-08,13.406,historical_station_dataset,daily_linear_interpolation,true
Hoa Binh,bac-lieu,9.1824,105.6215,2024-02-09,13.562,historical_station_dataset,daily_linear_interpolation,true
Hoa Binh,bac-lieu,9.1824,105.6215,2024-02-10,13.719,historical_station_dataset,daily_linear_interpolation,true
Hoa Binh,bac-lieu,9.1824,105.6215,2024-02-11,13.875,historical_station_dataset,daily_linear_interpolation,true
Hoa Binh,bac-lieu,9.1824,105.6215,2024-02-12,14.031,historical_station_dataset,daily_linear_interpolation,true
Hoa Binh,bac-lieu,9.1824,105.6215,2024-02-13,14.188,historical_station_dataset,daily_linear_interpolation,true
Hoa Binh,bac-lieu,9.1824,105.6215,2024-02-14,14.344,historical_station_dataset,daily_linear_interpolation,true
Hoa Binh,bac-lieu,9.1824,105.6215,2024-02-15,14.500,historical_station_dataset,daily_linear_interpolation,false
Hoa Binh,bac-lieu,9.1824,105.6215,2024-02-16,14.708,historical_station_dataset,daily_linear_interpolation,true
Hoa Binh,bac-lieu,9.1824,105.6215,2024-02-17,14.915,historical_station_dataset,daily_linear_interpolation,true
Hoa Binh,bac-lieu,9.1824,105.6215,2024-02-18,15.123,historical_station_dataset,daily_linear_interpolation,true
Hoa Binh,bac-lieu,9.1824,105.6215,2024-02-19,15.331,historical_station_dataset,daily_linear_interpolation,true
Hoa Binh,bac-lieu,9.1824,105.6215,2024-02-20,15.538,historical_station_dataset,daily_linear_interpolation,true
Hoa Binh,bac-lieu,9.1824,105.6215,2024-02-21,15.746,historical_station_dataset,daily_linear_interpolation,true
Hoa Binh,bac-lieu,9.1824,105.6215,2024-02-22,15.954,historical_station_dataset,daily_linear_interpolation,true
Hoa Binh,bac-lieu,9.1824,105.6215,2024-02-23,16.162,historical_station_dataset,daily_linear_interpolation,true
Hoa Binh,bac-lieu,9.1824,105.6215,2024-02-24,16.369,historical_station_dataset,daily_linear_interpolation,true
Hoa Binh,bac-lieu,9.1824,105.6215,2024-02-25,16.577,historical_station_dataset,daily_linear_interpolation,true
Hoa Binh,bac-lieu,9.1824,105.6215,2024-02-26,16.785,historical_station_dataset,daily_linear_interpolation,true
Hoa Binh,bac-lieu,9.1824,105.6215,2024-02-27,16.992,historical_station_dataset,daily_linear_interpolation,true
Hoa Binh,bac-lieu,9.1824,105.6215,2024-02-28,17.200,historical_station_dataset,daily_linear_interpolation,false
Hoa Binh,bac-lieu,9.1824,105.6215,2024-02-29,17.436,historical_station_dataset,daily_linear_interpolation,true
Hoa Binh,bac-lieu,9.1824,105.6215,2024-03-01,17.673,historical_station_dataset,daily_linear_interpolation,true
Hoa Binh,bac-lieu,9.1824,105.6215,2024-03-02,17.909,historical_station_dataset,daily_linear_interpolation,true
Hoa Binh,bac-lieu,9.1824,105.6215,2024-03-03,18.145,historical_station_dataset,daily_linear_interpolation,true
Hoa Binh,bac-lieu,9.1824,105.6215,2024-03-04,18.382,historical_station_dataset,daily_linear_interpolation,true
Hoa Binh,bac-lieu,9.1824,105.6215,2024-03-05,18.618,historical_station_dataset,daily_linear_interpolation,true
Hoa Binh,bac-lieu,9.1824,105.6215,2024-03-06,18.855,historical_station_dataset,daily_linear_interpolation,true
Hoa Binh,bac-lieu,9.1824,105.6215,2024-03-07,19.091,historical_station_dataset,daily_linear_interpolation,true
Hoa Binh,bac-lieu,9.1824,105.6215,2024-03-08,19.327,historical_station_dataset,daily_linear_interpolation,true
Hoa Binh,bac-lieu,9.1824,105.6215,2024-03-09,19.564,historical_station_dataset,daily_linear_interpolation,true
Hoa Binh,bac-lieu,9.1824,105.6215,2024-03-10,19.800,historical_station_dataset,daily_linear_interpolation,false
Hoa Binh,bac-lieu,9.1824,105.6215,2024-03-11,20.140,historical_station_dataset,daily_linear_interpolation,true
Hoa Binh,bac-lieu,9.1824,105.6215,2024-03-12,20.480,historical_station_dataset,daily_linear_interpolation,true
Hoa Binh,bac-lieu,9.1824,105.6215,2024-03-13,20.820,historical_station_dataset,daily_linear_interpolation,true
Hoa Binh,bac-lieu,9.1824,105.6215,2024-03-14,21.160,historical_station_dataset,daily_linear_interpolation,true
Hoa Binh,bac-lieu,9.1824,105.6215,2024-03-15,21.500,historical_station_dataset,daily_linear_interpolation,false
Hoa Binh,bac-lieu,9.1824,105.6215,2024-03-16,21.840,historical_station_dataset,daily_linear_interpolation,true
Hoa Binh,bac-lieu,9.1824,105.6215,2024-03-17,22.180,historical_station_dataset,daily_linear_interpolation,true
Hoa Binh,bac-lieu,9.1824,105.6215,2024-03-18,22.520,historical_station_dataset,daily_linear_interpolation,true
Hoa Binh,bac-lieu,9.1824,105.6215,2024-03-19,22.860,historical_station_dataset,daily_linear_interpolation,true
Hoa Binh,bac-lieu,9.1824,105.6215,2024-03-20,23.200,historical_station_dataset,daily_linear_interpolation,false
Hoa Binh,bac-lieu,9.1824,105.6215,2024-03-21,23.040,historical_station_dataset,daily_linear_interpolation,true
Hoa Binh,bac-lieu,9.1824,105.6215,2024-03-22,22.880,historical_station_dataset,daily_linear_interpolation,true
Hoa Binh,bac-lieu,9.1824,105.6215,2024-03-23,22.720,historical_station_dataset,daily_linear_interpolation,true
Hoa Binh,bac-lieu,9.1824,105.6215,2024-03-24,22.560,historical_station_dataset,daily_linear_interpolation,true
Hoa Binh,bac-lieu,9.1824,105.6215,2024-03-25,22.400,historical_station_dataset,daily_linear_interpolation,false
Hoa Binh,bac-lieu,9.1824,105.6215,2024-03-26,22.700,historical_station_dataset,daily_linear_interpolation,true
Hoa Binh,bac-lieu,9.1824,105.6215,2024-03-27,23.000,historical_station_dataset,daily_linear_interpolation,true
Hoa Binh,bac-lieu,9.1824,105.6215,2024-03-28,23.300,historical_station_dataset,daily_linear_interpolation,true
Hoa Binh,bac-lieu,9.1824,105.6215,2024-03-29,23.600,historical_station_dataset,daily_linear_interpolation,true
Hoa Binh,bac-lieu,9.1824,105.6215,2024-03-30,23.900,historical_station_dataset,daily_linear_interpolation,false
Hoa Binh,bac-lieu,9.1824,105.6215,2024-03-31,24.100,historical_station_dataset,daily_linear_interpolation,true
Hoa Binh,bac-lieu,9.1824,105.6215,2024-04-01,24.300,historical_station_dataset,daily_linear_interpolation,true
Hoa Binh,bac-lieu,9.1824,105.6215,2024-04-02,24.500,historical_station_dataset,daily_linear_interpolation,true
Hoa Binh,bac-lieu,9.1824,105.6215,2024-04-03,24.700,historical_station_dataset,daily_linear_interpolation,true
Hoa Binh,bac-lieu,9.1824,105.6215,2024-04-04,24.900,historical_station_dataset,daily_linear_interpolation,true
Hoa Binh,bac-lieu,9.1824,105.6215,2024-04-05,25.100,historical_station_dataset,daily_linear_interpolation,false
Hoa Binh,bac-lieu,9.1824,105.6215,2024-04-06,25.240,historical_station_dataset,daily_linear_interpolation,true
Hoa Binh,bac-lieu,9.1824,105.6215,2024-04-07,25.380,historical_station_dataset,daily_linear_interpolation,true
Hoa Binh,bac-lieu,9.1824,105.6215,2024-04-08,25.520,historical_station_dataset,daily_linear_interpolation,true
Hoa Binh,bac-lieu,9.1824,105.6215,2024-04-09,25.660,historical_station_dataset,daily_linear_interpolation,true
Hoa Binh,bac-lieu,9.1824,105.6215,2024-04-10,25.800,historical_station_dataset,daily_linear_interpolation,false
Hoa Binh,bac-lieu,9.1824,105.6215,2024-04-11,25.440,historical_station_dataset,daily_linear_interpolation,true
Hoa Binh,bac-lieu,9.1824,105.6215,2024-04-12,25.080,historical_station_dataset,daily_linear_interpolation,true
Hoa Binh,bac-lieu,9.1824,105.6215,2024-04-13,24.720,historical_station_dataset,daily_linear_interpolation,true
Hoa Binh,bac-lieu,9.1824,105.6215,2024-04-14,24.360,historical_station_dataset,daily_linear_interpolation,true
Hoa Binh,bac-lieu,9.1824,105.6215,2024-04-15,24.000,historical_station_dataset,daily_linear_interpolation,false
Hoa Binh,bac-lieu,9.1824,105.6215,2024-04-16,23.440,historical_station_dataset,daily_linear_interpolation,true
Hoa Binh,bac-lieu,9.1824,105.6215,2024-04-17,22.880,historical_station_dataset,daily_linear_interpolation,true
Hoa Binh,bac-lieu,9.1824,105.6215,2024-04-18,22.320,historical_station_dataset,daily_linear_interpolation,true
Hoa Binh,bac-lieu,9.1824,105.6215,2024-04-19,21.760,historical_station_dataset,daily_linear_interpolation,true
Hoa Binh,bac-lieu,9.1824,105.6215,2024-04-20,21.200,historical_station_dataset,daily_linear_interpolation,false
Hoa Binh,bac-lieu,9.1824,105.6215,2024-04-21,20.460,historical_station_dataset,daily_linear_interpolation,true
Hoa Binh,bac-lieu,9.1824,105.6215,2024-04-22,19.720,historical_station_dataset,daily_linear_interpolation,true
Hoa Binh,bac-lieu,9.1824,105.6215,2024-04-23,18.980,historical_station_dataset,daily_linear_interpolation,true
Hoa Binh,bac-lieu,9.1824,105.6215,2024-04-24,18.240,historical_station_dataset,daily_linear_interpolation,true
Hoa Binh,bac-lieu,9.1824,105.6215,2024-04-25,17.500,historical_station_dataset,daily_linear_interpolation,false
Hoa Binh,bac-lieu,9.1824,105.6215,2024-04-26,16.680,historical_station_dataset,daily_linear_interpolation,true
Hoa Binh,bac-lieu,9.1824,105.6215,2024-04-27,15.860,historical_station_dataset,daily_linear_interpolation,true
Hoa Binh,bac-lieu,9.1824,105.6215,2024-04-28,15.040,historical_station_dataset,daily_linear_interpolation,true
Hoa Binh,bac-lieu,9.1824,105.6215,2024-04-29,14.220,historical_station_dataset,daily_linear_interpolation,true
Hoa Binh,bac-lieu,9.1824,105.6215,2024-04-30,13.4,historical_station_dataset,daily_linear_interpolation,false
Cau Quan,tra-vinh,9.7542,106.2114,2024-01-15,0.800,historical_station_dataset,daily_linear_interpolation,false
Cau Quan,tra-vinh,9.7542,106.2114,2024-01-16,0.847,historical_station_dataset,daily_linear_interpolation,true
Cau Quan,tra-vinh,9.7542,106.2114,2024-01-17,0.893,historical_station_dataset,daily_linear_interpolation,true
Cau Quan,tra-vinh,9.7542,106.2114,2024-01-18,0.940,historical_station_dataset,daily_linear_interpolation,true
Cau Quan,tra-vinh,9.7542,106.2114,2024-01-19,0.987,historical_station_dataset,daily_linear_interpolation,true
Cau Quan,tra-vinh,9.7542,106.2114,2024-01-20,1.033,historical_station_dataset,daily_linear_interpolation,true
Cau Quan,tra-vinh,9.7542,106.2114,2024-01-21,1.080,historical_station_dataset,daily_linear_interpolation,true
Cau Quan,tra-vinh,9.7542,106.2114,2024-01-22,1.127,historical_station_dataset,daily_linear_interpolation,true
Cau Quan,tra-vinh,9.7542,106.2114,2024-01-23,1.173,historical_station_dataset,daily_linear_interpolation,true
Cau Quan,tra-vinh,9.7542,106.2114,2024-01-24,1.220,historical_station_dataset,daily_linear_interpolation,true
Cau Quan,tra-vinh,9.7542,106.2114,2024-01-25,1.267,historical_station_dataset,daily_linear_interpolation,true
Cau Quan,tra-vinh,9.7542,106.2114,2024-01-26,1.313,historical_station_dataset,daily_linear_interpolation,true
Cau Quan,tra-vinh,9.7542,106.2114,2024-01-27,1.360,historical_station_dataset,daily_linear_interpolation,true
Cau Quan,tra-vinh,9.7542,106.2114,2024-01-28,1.407,historical_station_dataset,daily_linear_interpolation,true
Cau Quan,tra-vinh,9.7542,106.2114,2024-01-29,1.453,historical_station_dataset,daily_linear_interpolation,true
Cau Quan,tra-vinh,9.7542,106.2114,2024-01-30,1.500,historical_station_dataset,daily_linear_interpolation,false
Cau Quan,tra-vinh,9.7542,106.2114,2024-01-31,1.556,historical_station_dataset,daily_linear_interpolation,true
Cau Quan,tra-vinh,9.7542,106.2114,2024-02-01,1.613,historical_station_dataset,daily_linear_interpolation,true
Cau Quan,tra-vinh,9.7542,106.2114,2024-02-02,1.669,historical_station_dataset,daily_linear_interpolation,true
Cau Quan,tra-vinh,9.7542,106.2114,2024-02-03,1.725,historical_station_dataset,daily_linear_interpolation,true
Cau Quan,tra-vinh,9.7542,106.2114,2024-02-04,1.781,historical_station_dataset,daily_linear_interpolation,true
Cau Quan,tra-vinh,9.7542,106.2114,2024-02-05,1.837,historical_station_dataset,daily_linear_interpolation,true
Cau Quan,tra-vinh,9.7542,106.2114,2024-02-06,1.894,historical_station_dataset,daily_linear_interpolation,true
Cau Quan,tra-vinh,9.7542,106.2114,2024-02-07,1.950,historical_station_dataset,daily_linear_interpolation,true
Cau Quan,tra-vinh,9.7542,106.2114,2024-02-08,2.006,historical_station_dataset,daily_linear_interpolation,true
Cau Quan,tra-vinh,9.7542,106.2114,2024-02-09,2.062,historical_station_dataset,daily_linear_interpolation,true
Cau Quan,tra-vinh,9.7542,106.2114,2024-02-10,2.119,historical_station_dataset,daily_linear_interpolation,true
Cau Quan,tra-vinh,9.7542,106.2114,2024-02-11,2.175,historical_station_dataset,daily_linear_interpolation,true
Cau Quan,tra-vinh,9.7542,106.2114,2024-02-12,2.231,historical_station_dataset,daily_linear_interpolation,true
Cau Quan,tra-vinh,9.7542,106.2114,2024-02-13,2.287,historical_station_dataset,daily_linear_interpolation,true
Cau Quan,tra-vinh,9.7542,106.2114,2024-02-14,2.344,historical_station_dataset,daily_linear_interpolation,true
Cau Quan,tra-vinh,9.7542,106.2114,2024-02-15,2.400,historical_station_dataset,daily_linear_interpolation,false
Cau Quan,tra-vinh,9.7542,106.2114,2024-02-16,2.515,historical_station_dataset,daily_linear_interpolation,true
Cau Quan,tra-vinh,9.7542,106.2114,2024-02-17,2.631,historical_station_dataset,daily_linear_interpolation,true
Cau Quan,tra-vinh,9.7542,106.2114,2024-02-18,2.746,historical_station_dataset,daily_linear_interpolation,true
Cau Quan,tra-vinh,9.7542,106.2114,2024-02-19,2.862,historical_station_dataset,daily_linear_interpolation,true
Cau Quan,tra-vinh,9.7542,106.2114,2024-02-20,2.977,historical_station_dataset,daily_linear_interpolation,true
Cau Quan,tra-vinh,9.7542,106.2114,2024-02-21,3.092,historical_station_dataset,daily_linear_interpolation,true
Cau Quan,tra-vinh,9.7542,106.2114,2024-02-22,3.208,historical_station_dataset,daily_linear_interpolation,true
Cau Quan,tra-vinh,9.7542,106.2114,2024-02-23,3.323,historical_station_dataset,daily_linear_interpolation,true
Cau Quan,tra-vinh,9.7542,106.2114,2024-02-24,3.438,historical_station_dataset,daily_linear_interpolation,true
Cau Quan,tra-vinh,9.7542,106.2114,2024-02-25,3.554,historical_station_dataset,daily_linear_interpolation,true
Cau Quan,tra-vinh,9.7542,106.2114,2024-02-26,3.669,historical_station_dataset,daily_linear_interpolation,true
Cau Quan,tra-vinh,9.7542,106.2114,2024-02-27,3.785,historical_station_dataset,daily_linear_interpolation,true
Cau Quan,tra-vinh,9.7542,106.2114,2024-02-28,3.900,historical_station_dataset,daily_linear_interpolation,false
Cau Quan,tra-vinh,9.7542,106.2114,2024-02-29,4.009,historical_station_dataset,daily_linear_interpolation,true
Cau Quan,tra-vinh,9.7542,106.2114,2024-03-01,4.118,historical_station_dataset,daily_linear_interpolation,true
Cau Quan,tra-vinh,9.7542,106.2114,2024-03-02,4.227,historical_station_dataset,daily_linear_interpolation,true
Cau Quan,tra-vinh,9.7542,106.2114,2024-03-03,4.336,historical_station_dataset,daily_linear_interpolation,true
Cau Quan,tra-vinh,9.7542,106.2114,2024-03-04,4.445,historical_station_dataset,daily_linear_interpolation,true
Cau Quan,tra-vinh,9.7542,106.2114,2024-03-05,4.555,historical_station_dataset,daily_linear_interpolation,true
Cau Quan,tra-vinh,9.7542,106.2114,2024-03-06,4.664,historical_station_dataset,daily_linear_interpolation,true
Cau Quan,tra-vinh,9.7542,106.2114,2024-03-07,4.773,historical_station_dataset,daily_linear_interpolation,true
Cau Quan,tra-vinh,9.7542,106.2114,2024-03-08,4.882,historical_station_dataset,daily_linear_interpolation,true
Cau Quan,tra-vinh,9.7542,106.2114,2024-03-09,4.991,historical_station_dataset,daily_linear_interpolation,true
Cau Quan,tra-vinh,9.7542,106.2114,2024-03-10,5.100,historical_station_dataset,daily_linear_interpolation,false
Cau Quan,tra-vinh,9.7542,106.2114,2024-03-11,5.320,historical_station_dataset,daily_linear_interpolation,true
Cau Quan,tra-vinh,9.7542,106.2114,2024-03-12,5.540,historical_station_dataset,daily_linear_interpolation,true
Cau Quan,tra-vinh,9.7542,106.2114,2024-03-13,5.760,historical_station_dataset,daily_linear_interpolation,true
Cau Quan,tra-vinh,9.7542,106.2114,2024-03-14,5.980,historical_station_dataset,daily_linear_interpolation,true
Cau Quan,tra-vinh,9.7542,106.2114,2024-03-15,6.200,historical_station_dataset,daily_linear_interpolation,false
Cau Quan,tra-vinh,9.7542,106.2114,2024-03-16,6.460,historical_station_dataset,daily_linear_interpolation,true
Cau Quan,tra-vinh,9.7542,106.2114,2024-03-17,6.720,historical_station_dataset,daily_linear_interpolation,true
Cau Quan,tra-vinh,9.7542,106.2114,2024-03-18,6.980,historical_station_dataset,daily_linear_interpolation,true
Cau Quan,tra-vinh,9.7542,106.2114,2024-03-19,7.240,historical_station_dataset,daily_linear_interpolation,true
Cau Quan,tra-vinh,9.7542,106.2114,2024-03-20,7.500,historical_station_dataset,daily_linear_interpolation,false
Cau Quan,tra-vinh,9.7542,106.2114,2024-03-21,7.360,historical_station_dataset,daily_linear_interpolation,true
Cau Quan,tra-vinh,9.7542,106.2114,2024-03-22,7.220,historical_station_dataset,daily_linear_interpolation,true
Cau Quan,tra-vinh,9.7542,106.2114,2024-03-23,7.080,historical_station_dataset,daily_linear_interpolation,true
Cau Quan,tra-vinh,9.7542,106.2114,2024-03-24,6.940,historical_station_dataset,daily_linear_interpolation,true
Cau Quan,tra-vinh,9.7542,106.2114,2024-03-25,6.800,historical_station_dataset,daily_linear_interpolation,false
Cau Quan,tra-vinh,9.7542,106.2114,2024-03-26,7.060,historical_station_dataset,daily_linear_interpolation,true
Cau Quan,tra-vinh,9.7542,106.2114,2024-03-27,7.320,historical_station_dataset,daily_linear_interpolation,true
Cau Quan,tra-vinh,9.7542,106.2114,2024-03-28,7.580,historical_station_dataset,daily_linear_interpolation,true
Cau Quan,tra-vinh,9.7542,106.2114,2024-03-29,7.840,historical_station_dataset,daily_linear_interpolation,true
Cau Quan,tra-vinh,9.7542,106.2114,2024-03-30,8.100,historical_station_dataset,daily_linear_interpolation,false
Cau Quan,tra-vinh,9.7542,106.2114,2024-03-31,8.233,historical_station_dataset,daily_linear_interpolation,true
Cau Quan,tra-vinh,9.7542,106.2114,2024-04-01,8.367,historical_station_dataset,daily_linear_interpolation,true
Cau Quan,tra-vinh,9.7542,106.2114,2024-04-02,8.500,historical_station_dataset,daily_linear_interpolation,true
Cau Quan,tra-vinh,9.7542,106.2114,2024-04-03,8.633,historical_station_dataset,daily_linear_interpolation,true
Cau Quan,tra-vinh,9.7542,106.2114,2024-04-04,8.767,historical_station_dataset,daily_linear_interpolation,true
Cau Quan,tra-vinh,9.7542,106.2114,2024-04-05,8.900,historical_station_dataset,daily_linear_interpolation,false
Cau Quan,tra-vinh,9.7542,106.2114,2024-04-06,8.980,historical_station_dataset,daily_linear_interpolation,true
Cau Quan,tra-vinh,9.7542,106.2114,2024-04-07,9.060,historical_station_dataset,daily_linear_interpolation,true
Cau Quan,tra-vinh,9.7542,106.2114,2024-04-08,9.140,historical_station_dataset,daily_linear_interpolation,true
Cau Quan,tra-vinh,9.7542,106.2114,2024-04-09,9.220,historical_station_dataset,daily_linear_interpolation,true
Cau Quan,tra-vinh,9.7542,106.2114,2024-04-10,9.300,historical_station_dataset,daily_linear_interpolation,false
Cau Quan,tra-vinh,9.7542,106.2114,2024-04-11,8.960,historical_station_dataset,daily_linear_interpolation,true
Cau Quan,tra-vinh,9.7542,106.2114,2024-04-12,8.620,historical_station_dataset,daily_linear_interpolation,true
Cau Quan,tra-vinh,9.7542,106.2114,2024-04-13,8.280,historical_station_dataset,daily_linear_interpolation,true
Cau Quan,tra-vinh,9.7542,106.2114,2024-04-14,7.940,historical_station_dataset,daily_linear_interpolation,true
Cau Quan,tra-vinh,9.7542,106.2114,2024-04-15,7.600,historical_station_dataset,daily_linear_interpolation,false
Cau Quan,tra-vinh,9.7542,106.2114,2024-04-16,7.160,historical_station_dataset,daily_linear_interpolation,true
Cau Quan,tra-vinh,9.7542,106.2114,2024-04-17,6.720,historical_station_dataset,daily_linear_interpolation,true
Cau Quan,tra-vinh,9.7542,106.2114,2024-04-18,6.280,historical_station_dataset,daily_linear_interpolation,true
Cau Quan,tra-vinh,9.7542,106.2114,2024-04-19,5.840,historical_station_dataset,daily_linear_interpolation,true
Cau Quan,tra-vinh,9.7542,106.2114,2024-04-20,5.400,historical_station_dataset,daily_linear_interpolation,false
Cau Quan,tra-vinh,9.7542,106.2114,2024-04-21,4.960,historical_station_dataset,daily_linear_interpolation,true
Cau Quan,tra-vinh,9.7542,106.2114,2024-04-22,4.520,historical_station_dataset,daily_linear_interpolation,true
Cau Quan,tra-vinh,9.7542,106.2114,2024-04-23,4.080,historical_station_dataset,daily_linear_interpolation,true
Cau Quan,tra-vinh,9.7542,106.2114,2024-04-24,3.640,historical_station_dataset,daily_linear_interpolation,true
Cau Quan,tra-vinh,9.7542,106.2114,2024-04-25,3.200,historical_station_dataset,daily_linear_interpolation,false
Cau Quan,tra-vinh,9.7542,106.2114,2024-04-26,2.860,historical_station_dataset,daily_linear_interpolation,true
Cau Quan,tra-vinh,9.7542,106.2114,2024-04-27,2.520,historical_station_dataset,daily_linear_interpolation,true
Cau Quan,tra-vinh,9.7542,106.2114,2024-04-28,2.180,historical_station_dataset,daily_linear_interpolation,true
Cau Quan,tra-vinh,9.7542,106.2114,2024-04-29,1.840,historical_station_dataset,daily_linear_interpolation,true
Cau Quan,tra-vinh,9.7542,106.2114,2024-04-30,1.5,historical_station_dataset,daily_linear_interpolation,false
Long Phu,soc-trang,9.6124,106.1245,2024-01-15,2.500,historical_station_dataset,daily_linear_interpolation,false
Long Phu,soc-trang,9.6124,106.1245,2024-01-16,2.587,historical_station_dataset,daily_linear_interpolation,true
Long Phu,soc-trang,9.6124,106.1245,2024-01-17,2.673,historical_station_dataset,daily_linear_interpolation,true
Long Phu,soc-trang,9.6124,106.1245,2024-01-18,2.760,historical_station_dataset,daily_linear_interpolation,true
Long Phu,soc-trang,9.6124,106.1245,2024-01-19,2.847,historical_station_dataset,daily_linear_interpolation,true
Long Phu,soc-trang,9.6124,106.1245,2024-01-20,2.933,historical_station_dataset,daily_linear_interpolation,true
Long Phu,soc-trang,9.6124,106.1245,2024-01-21,3.020,historical_station_dataset,daily_linear_interpolation,true
Long Phu,soc-trang,9.6124,106.1245,2024-01-22,3.107,historical_station_dataset,daily_linear_interpolation,true
Long Phu,soc-trang,9.6124,106.1245,2024-01-23,3.193,historical_station_dataset,daily_linear_interpolation,true
Long Phu,soc-trang,9.6124,106.1245,2024-01-24,3.280,historical_station_dataset,daily_linear_interpolation,true
Long Phu,soc-trang,9.6124,106.1245,2024-01-25,3.367,historical_station_dataset,daily_linear_interpolation,true
Long Phu,soc-trang,9.6124,106.1245,2024-01-26,3.453,historical_station_dataset,daily_linear_interpolation,true
Long Phu,soc-trang,9.6124,106.1245,2024-01-27,3.540,historical_station_dataset,daily_linear_interpolation,true
Long Phu,soc-trang,9.6124,106.1245,2024-01-28,3.627,historical_station_dataset,daily_linear_interpolation,true
Long Phu,soc-trang,9.6124,106.1245,2024-01-29,3.713,historical_station_dataset,daily_linear_interpolation,true
Long Phu,soc-trang,9.6124,106.1245,2024-01-30,3.800,historical_station_dataset,daily_linear_interpolation,false
Long Phu,soc-trang,9.6124,106.1245,2024-01-31,3.887,historical_station_dataset,daily_linear_interpolation,true
Long Phu,soc-trang,9.6124,106.1245,2024-02-01,3.975,historical_station_dataset,daily_linear_interpolation,true
Long Phu,soc-trang,9.6124,106.1245,2024-02-02,4.062,historical_station_dataset,daily_linear_interpolation,true
Long Phu,soc-trang,9.6124,106.1245,2024-02-03,4.150,historical_station_dataset,daily_linear_interpolation,true
Long Phu,soc-trang,9.6124,106.1245,2024-02-04,4.237,historical_station_dataset,daily_linear_interpolation,true
Long Phu,soc-trang,9.6124,106.1245,2024-02-05,4.325,historical_station_dataset,daily_linear_interpolation,true
Long Phu,soc-trang,9.6124,106.1245,2024-02-06,4.412,historical_station_dataset,daily_linear_interpolation,true
Long Phu,soc-trang,9.6124,106.1245,2024-02-07,4.500,historical_station_dataset,daily_linear_interpolation,true
Long Phu,soc-trang,9.6124,106.1245,2024-02-08,4.588,historical_station_dataset,daily_linear_interpolation,true
Long Phu,soc-trang,9.6124,106.1245,2024-02-09,4.675,historical_station_dataset,daily_linear_interpolation,true
Long Phu,soc-trang,9.6124,106.1245,2024-02-10,4.763,historical_station_dataset,daily_linear_interpolation,true
Long Phu,soc-trang,9.6124,106.1245,2024-02-11,4.850,historical_station_dataset,daily_linear_interpolation,true
Long Phu,soc-trang,9.6124,106.1245,2024-02-12,4.938,historical_station_dataset,daily_linear_interpolation,true
Long Phu,soc-trang,9.6124,106.1245,2024-02-13,5.025,historical_station_dataset,daily_linear_interpolation,true
Long Phu,soc-trang,9.6124,106.1245,2024-02-14,5.113,historical_station_dataset,daily_linear_interpolation,true
Long Phu,soc-trang,9.6124,106.1245,2024-02-15,5.200,historical_station_dataset,daily_linear_interpolation,false
Long Phu,soc-trang,9.6124,106.1245,2024-02-16,5.346,historical_station_dataset,daily_linear_interpolation,true
Long Phu,soc-trang,9.6124,106.1245,2024-02-17,5.492,historical_station_dataset,daily_linear_interpolation,true
Long Phu,soc-trang,9.6124,106.1245,2024-02-18,5.638,historical_station_dataset,daily_linear_interpolation,true
Long Phu,soc-trang,9.6124,106.1245,2024-02-19,5.785,historical_station_dataset,daily_linear_interpolation,true
Long Phu,soc-trang,9.6124,106.1245,2024-02-20,5.931,historical_station_dataset,daily_linear_interpolation,true
Long Phu,soc-trang,9.6124,106.1245,2024-02-21,6.077,historical_station_dataset,daily_linear_interpolation,true
Long Phu,soc-trang,9.6124,106.1245,2024-02-22,6.223,historical_station_dataset,daily_linear_interpolation,true
Long Phu,soc-trang,9.6124,106.1245,2024-02-23,6.369,historical_station_dataset,daily_linear_interpolation,true
Long Phu,soc-trang,9.6124,106.1245,2024-02-24,6.515,historical_station_dataset,daily_linear_interpolation,true
Long Phu,soc-trang,9.6124,106.1245,2024-02-25,6.662,historical_station_dataset,daily_linear_interpolation,true
Long Phu,soc-trang,9.6124,106.1245,2024-02-26,6.808,historical_station_dataset,daily_linear_interpolation,true
Long Phu,soc-trang,9.6124,106.1245,2024-02-27,6.954,historical_station_dataset,daily_linear_interpolation,true
Long Phu,soc-trang,9.6124,106.1245,2024-02-28,7.100,historical_station_dataset,daily_linear_interpolation,false
Long Phu,soc-trang,9.6124,106.1245,2024-02-29,7.255,historical_station_dataset,daily_linear_interpolation,true
Long Phu,soc-trang,9.6124,106.1245,2024-03-01,7.409,historical_station_dataset,daily_linear_interpolation,true
Long Phu,soc-trang,9.6124,106.1245,2024-03-02,7.564,historical_station_dataset,daily_linear_interpolation,true
Long Phu,soc-trang,9.6124,106.1245,2024-03-03,7.718,historical_station_dataset,daily_linear_interpolation,true
Long Phu,soc-trang,9.6124,106.1245,2024-03-04,7.873,historical_station_dataset,daily_linear_interpolation,true
Long Phu,soc-trang,9.6124,106.1245,2024-03-05,8.027,historical_station_dataset,daily_linear_interpolation,true
Long Phu,soc-trang,9.6124,106.1245,2024-03-06,8.182,historical_station_dataset,daily_linear_interpolation,true
Long Phu,soc-trang,9.6124,106.1245,2024-03-07,8.336,historical_station_dataset,daily_linear_interpolation,true
Long Phu,soc-trang,9.6124,106.1245,2024-03-08,8.491,historical_station_dataset,daily_linear_interpolation,true
Long Phu,soc-trang,9.6124,106.1245,2024-03-09,8.645,historical_station_dataset,daily_linear_interpolation,true
Long Phu,soc-trang,9.6124,106.1245,2024-03-10,8.800,historical_station_dataset,daily_linear_interpolation,false
Long Phu,soc-trang,9.6124,106.1245,2024-03-11,9.060,historical_station_dataset,daily_linear_interpolation,true
Long Phu,soc-trang,9.6124,106.1245,2024-03-12,9.320,historical_station_dataset,daily_linear_interpolation,true
Long Phu,soc-trang,9.6124,106.1245,2024-03-13,9.580,historical_station_dataset,daily_linear_interpolation,true
Long Phu,soc-trang,9.6124,106.1245,2024-03-14,9.840,historical_station_dataset,daily_linear_interpolation,true
Long Phu,soc-trang,9.6124,106.1245,2024-03-15,10.100,historical_station_dataset,daily_linear_interpolation,false
Long Phu,soc-trang,9.6124,106.1245,2024-03-16,10.560,historical_station_dataset,daily_linear_interpolation,true
Long Phu,soc-trang,9.6124,106.1245,2024-03-17,11.020,historical_station_dataset,daily_linear_interpolation,true
Long Phu,soc-trang,9.6124,106.1245,2024-03-18,11.480,historical_station_dataset,daily_linear_interpolation,true
Long Phu,soc-trang,9.6124,106.1245,2024-03-19,11.940,historical_station_dataset,daily_linear_interpolation,true
Long Phu,soc-trang,9.6124,106.1245,2024-03-20,12.400,historical_station_dataset,daily_linear_interpolation,false
Long Phu,soc-trang,9.6124,106.1245,2024-03-21,12.160,historical_station_dataset,daily_linear_interpolation,true
Long Phu,soc-trang,9.6124,106.1245,2024-03-22,11.920,historical_station_dataset,daily_linear_interpolation,true
Long Phu,soc-trang,9.6124,106.1245,2024-03-23,11.680,historical_station_dataset,daily_linear_interpolation,true
Long Phu,soc-trang,9.6124,106.1245,2024-03-24,11.440,historical_station_dataset,daily_linear_interpolation,true
Long Phu,soc-trang,9.6124,106.1245,2024-03-25,11.200,historical_station_dataset,daily_linear_interpolation,false
Long Phu,soc-trang,9.6124,106.1245,2024-03-26,11.580,historical_station_dataset,daily_linear_interpolation,true
Long Phu,soc-trang,9.6124,106.1245,2024-03-27,11.960,historical_station_dataset,daily_linear_interpolation,true
Long Phu,soc-trang,9.6124,106.1245,2024-03-28,12.340,historical_station_dataset,daily_linear_interpolation,true
Long Phu,soc-trang,9.6124,106.1245,2024-03-29,12.720,historical_station_dataset,daily_linear_interpolation,true
Long Phu,soc-trang,9.6124,106.1245,2024-03-30,13.100,historical_station_dataset,daily_linear_interpolation,false
Long Phu,soc-trang,9.6124,106.1245,2024-03-31,13.333,historical_station_dataset,daily_linear_interpolation,true
Long Phu,soc-trang,9.6124,106.1245,2024-04-01,13.567,historical_station_dataset,daily_linear_interpolation,true
Long Phu,soc-trang,9.6124,106.1245,2024-04-02,13.800,historical_station_dataset,daily_linear_interpolation,true
Long Phu,soc-trang,9.6124,106.1245,2024-04-03,14.033,historical_station_dataset,daily_linear_interpolation,true
Long Phu,soc-trang,9.6124,106.1245,2024-04-04,14.267,historical_station_dataset,daily_linear_interpolation,true
Long Phu,soc-trang,9.6124,106.1245,2024-04-05,14.500,historical_station_dataset,daily_linear_interpolation,false
Long Phu,soc-trang,9.6124,106.1245,2024-04-06,14.640,historical_station_dataset,daily_linear_interpolation,true
Long Phu,soc-trang,9.6124,106.1245,2024-04-07,14.780,historical_station_dataset,daily_linear_interpolation,true
Long Phu,soc-trang,9.6124,106.1245,2024-04-08,14.920,historical_station_dataset,daily_linear_interpolation,true
Long Phu,soc-trang,9.6124,106.1245,2024-04-09,15.060,historical_station_dataset,daily_linear_interpolation,true
Long Phu,soc-trang,9.6124,106.1245,2024-04-10,15.200,historical_station_dataset,daily_linear_interpolation,false
Long Phu,soc-trang,9.6124,106.1245,2024-04-11,14.760,historical_station_dataset,daily_linear_interpolation,true
Long Phu,soc-trang,9.6124,106.1245,2024-04-12,14.320,historical_station_dataset,daily_linear_interpolation,true
Long Phu,soc-trang,9.6124,106.1245,2024-04-13,13.880,historical_station_dataset,daily_linear_interpolation,true
Long Phu,soc-trang,9.6124,106.1245,2024-04-14,13.440,historical_station_dataset,daily_linear_interpolation,true
Long Phu,soc-trang,9.6124,106.1245,2024-04-15,13.000,historical_station_dataset,daily_linear_interpolation,false
Long Phu,soc-trang,9.6124,106.1245,2024-04-16,12.360,historical_station_dataset,daily_linear_interpolation,true
Long Phu,soc-trang,9.6124,106.1245,2024-04-17,11.720,historical_station_dataset,daily_linear_interpolation,true
Long Phu,soc-trang,9.6124,106.1245,2024-04-18,11.080,historical_station_dataset,daily_linear_interpolation,true
Long Phu,soc-trang,9.6124,106.1245,2024-04-19,10.440,historical_station_dataset,daily_linear_interpolation,true
Long Phu,soc-trang,9.6124,106.1245,2024-04-20,9.800,historical_station_dataset,daily_linear_interpolation,false
Long Phu,soc-trang,9.6124,106.1245,2024-04-21,9.140,historical_station_dataset,daily_linear_interpolation,true
Long Phu,soc-trang,9.6124,106.1245,2024-04-22,8.480,historical_station_dataset,daily_linear_interpolation,true
Long Phu,soc-trang,9.6124,106.1245,2024-04-23,7.820,historical_station_dataset,daily_linear_interpolation,true
Long Phu,soc-trang,9.6124,106.1245,2024-04-24,7.160,historical_station_dataset,daily_linear_interpolation,true
Long Phu,soc-trang,9.6124,106.1245,2024-04-25,6.500,historical_station_dataset,daily_linear_interpolation,false
Long Phu,soc-trang,9.6124,106.1245,2024-04-26,5.980,historical_station_dataset,daily_linear_interpolation,true
Long Phu,soc-trang,9.6124,106.1245,2024-04-27,5.460,historical_station_dataset,daily_linear_interpolation,true
Long Phu,soc-trang,9.6124,106.1245,2024-04-28,4.940,historical_station_dataset,daily_linear_interpolation,true
Long Phu,soc-trang,9.6124,106.1245,2024-04-29,4.420,historical_station_dataset,daily_linear_interpolation,true
Long Phu,soc-trang,9.6124,106.1245,2024-04-30,3.9,historical_station_dataset,daily_linear_interpolation,false
Go Cong,tien-giang,10.3541,106.6924,2024-01-15,4.500,historical_station_dataset,daily_linear_interpolation,false
Go Cong,tien-giang,10.3541,106.6924,2024-01-16,4.593,historical_station_dataset,daily_linear_interpolation,true
Go Cong,tien-giang,10.3541,106.6924,2024-01-17,4.687,historical_station_dataset,daily_linear_interpolation,true
Go Cong,tien-giang,10.3541,106.6924,2024-01-18,4.780,historical_station_dataset,daily_linear_interpolation,true
Go Cong,tien-giang,10.3541,106.6924,2024-01-19,4.873,historical_station_dataset,daily_linear_interpolation,true
Go Cong,tien-giang,10.3541,106.6924,2024-01-20,4.967,historical_station_dataset,daily_linear_interpolation,true
Go Cong,tien-giang,10.3541,106.6924,2024-01-21,5.060,historical_station_dataset,daily_linear_interpolation,true
Go Cong,tien-giang,10.3541,106.6924,2024-01-22,5.153,historical_station_dataset,daily_linear_interpolation,true
Go Cong,tien-giang,10.3541,106.6924,2024-01-23,5.247,historical_station_dataset,daily_linear_interpolation,true
Go Cong,tien-giang,10.3541,106.6924,2024-01-24,5.340,historical_station_dataset,daily_linear_interpolation,true
Go Cong,tien-giang,10.3541,106.6924,2024-01-25,5.433,historical_station_dataset,daily_linear_interpolation,true
Go Cong,tien-giang,10.3541,106.6924,2024-01-26,5.527,historical_station_dataset,daily_linear_interpolation,true
Go Cong,tien-giang,10.3541,106.6924,2024-01-27,5.620,historical_station_dataset,daily_linear_interpolation,true
Go Cong,tien-giang,10.3541,106.6924,2024-01-28,5.713,historical_station_dataset,daily_linear_interpolation,true
Go Cong,tien-giang,10.3541,106.6924,2024-01-29,5.807,historical_station_dataset,daily_linear_interpolation,true
Go Cong,tien-giang,10.3541,106.6924,2024-01-30,5.900,historical_station_dataset,daily_linear_interpolation,false
Go Cong,tien-giang,10.3541,106.6924,2024-01-31,6.019,historical_station_dataset,daily_linear_interpolation,true
Go Cong,tien-giang,10.3541,106.6924,2024-02-01,6.138,historical_station_dataset,daily_linear_interpolation,true
Go Cong,tien-giang,10.3541,106.6924,2024-02-02,6.256,historical_station_dataset,daily_linear_interpolation,true
Go Cong,tien-giang,10.3541,106.6924,2024-02-03,6.375,historical_station_dataset,daily_linear_interpolation,true
Go Cong,tien-giang,10.3541,106.6924,2024-02-04,6.494,historical_station_dataset,daily_linear_interpolation,true
Go Cong,tien-giang,10.3541,106.6924,2024-02-05,6.612,historical_station_dataset,daily_linear_interpolation,true
Go Cong,tien-giang,10.3541,106.6924,2024-02-06,6.731,historical_station_dataset,daily_linear_interpolation,true
Go Cong,tien-giang,10.3541,106.6924,2024-02-07,6.850,historical_station_dataset,daily_linear_interpolation,true
Go Cong,tien-giang,10.3541,106.6924,2024-02-08,6.969,historical_station_dataset,daily_linear_interpolation,true
Go Cong,tien-giang,10.3541,106.6924,2024-02-09,7.088,historical_station_dataset,daily_linear_interpolation,true
Go Cong,tien-giang,10.3541,106.6924,2024-02-10,7.206,historical_station_dataset,daily_linear_interpolation,true
Go Cong,tien-giang,10.3541,106.6924,2024-02-11,7.325,historical_station_dataset,daily_linear_interpolation,true
Go Cong,tien-giang,10.3541,106.6924,2024-02-12,7.444,historical_station_dataset,daily_linear_interpolation,true
Go Cong,tien-giang,10.3541,106.6924,2024-02-13,7.562,historical_station_dataset,daily_linear_interpolation,true
Go Cong,tien-giang,10.3541,106.6924,2024-02-14,7.681,historical_station_dataset,daily_linear_interpolation,true
Go Cong,tien-giang,10.3541,106.6924,2024-02-15,7.800,historical_station_dataset,daily_linear_interpolation,false
Go Cong,tien-giang,10.3541,106.6924,2024-02-16,7.985,historical_station_dataset,daily_linear_interpolation,true
Go Cong,tien-giang,10.3541,106.6924,2024-02-17,8.169,historical_station_dataset,daily_linear_interpolation,true
Go Cong,tien-giang,10.3541,106.6924,2024-02-18,8.354,historical_station_dataset,daily_linear_interpolation,true
Go Cong,tien-giang,10.3541,106.6924,2024-02-19,8.538,historical_station_dataset,daily_linear_interpolation,true
Go Cong,tien-giang,10.3541,106.6924,2024-02-20,8.723,historical_station_dataset,daily_linear_interpolation,true
Go Cong,tien-giang,10.3541,106.6924,2024-02-21,8.908,historical_station_dataset,daily_linear_interpolation,true
Go Cong,tien-giang,10.3541,106.6924,2024-02-22,9.092,historical_station_dataset,daily_linear_interpolation,true
Go Cong,tien-giang,10.3541,106.6924,2024-02-23,9.277,historical_station_dataset,daily_linear_interpolation,true
Go Cong,tien-giang,10.3541,106.6924,2024-02-24,9.462,historical_station_dataset,daily_linear_interpolation,true
Go Cong,tien-giang,10.3541,106.6924,2024-02-25,9.646,historical_station_dataset,daily_linear_interpolation,true
Go Cong,tien-giang,10.3541,106.6924,2024-02-26,9.831,historical_station_dataset,daily_linear_interpolation,true
Go Cong,tien-giang,10.3541,106.6924,2024-02-27,10.015,historical_station_dataset,daily_linear_interpolation,true
Go Cong,tien-giang,10.3541,106.6924,2024-02-28,10.200,historical_station_dataset,daily_linear_interpolation,false
Go Cong,tien-giang,10.3541,106.6924,2024-02-29,10.409,historical_station_dataset,daily_linear_interpolation,true
Go Cong,tien-giang,10.3541,106.6924,2024-03-01,10.618,historical_station_dataset,daily_linear_interpolation,true
Go Cong,tien-giang,10.3541,106.6924,2024-03-02,10.827,historical_station_dataset,daily_linear_interpolation,true
Go Cong,tien-giang,10.3541,106.6924,2024-03-03,11.036,historical_station_dataset,daily_linear_interpolation,true
Go Cong,tien-giang,10.3541,106.6924,2024-03-04,11.245,historical_station_dataset,daily_linear_interpolation,true
Go Cong,tien-giang,10.3541,106.6924,2024-03-05,11.455,historical_station_dataset,daily_linear_interpolation,true
Go Cong,tien-giang,10.3541,106.6924,2024-03-06,11.664,historical_station_dataset,daily_linear_interpolation,true
Go Cong,tien-giang,10.3541,106.6924,2024-03-07,11.873,historical_station_dataset,daily_linear_interpolation,true
Go Cong,tien-giang,10.3541,106.6924,2024-03-08,12.082,historical_station_dataset,daily_linear_interpolation,true
Go Cong,tien-giang,10.3541,106.6924,2024-03-09,12.291,historical_station_dataset,daily_linear_interpolation,true
Go Cong,tien-giang,10.3541,106.6924,2024-03-10,12.500,historical_station_dataset,daily_linear_interpolation,false
Go Cong,tien-giang,10.3541,106.6924,2024-03-11,12.820,historical_station_dataset,daily_linear_interpolation,true
Go Cong,tien-giang,10.3541,106.6924,2024-03-12,13.140,historical_station_dataset,daily_linear_interpolation,true
Go Cong,tien-giang,10.3541,106.6924,2024-03-13,13.460,historical_station_dataset,daily_linear_interpolation,true
Go Cong,tien-giang,10.3541,106.6924,2024-03-14,13.780,historical_station_dataset,daily_linear_interpolation,true
Go Cong,tien-giang,10.3541,106.6924,2024-03-15,14.100,historical_station_dataset,daily_linear_interpolation,false
Go Cong,tien-giang,10.3541,106.6924,2024-03-16,14.560,historical_station_dataset,daily_linear_interpolation,true
Go Cong,tien-giang,10.3541,106.6924,2024-03-17,15.020,historical_station_dataset,daily_linear_interpolation,true
Go Cong,tien-giang,10.3541,106.6924,2024-03-18,15.480,historical_station_dataset,daily_linear_interpolation,true
Go Cong,tien-giang,10.3541,106.6924,2024-03-19,15.940,historical_station_dataset,daily_linear_interpolation,true
Go Cong,tien-giang,10.3541,106.6924,2024-03-20,16.400,historical_station_dataset,daily_linear_interpolation,false
Go Cong,tien-giang,10.3541,106.6924,2024-03-21,16.120,historical_station_dataset,daily_linear_interpolation,true
Go Cong,tien-giang,10.3541,106.6924,2024-03-22,15.840,historical_station_dataset,daily_linear_interpolation,true
Go Cong,tien-giang,10.3541,106.6924,2024-03-23,15.560,historical_station_dataset,daily_linear_interpolation,true
Go Cong,tien-giang,10.3541,106.6924,2024-03-24,15.280,historical_station_dataset,daily_linear_interpolation,true
Go Cong,tien-giang,10.3541,106.6924,2024-03-25,15.000,historical_station_dataset,daily_linear_interpolation,false
Go Cong,tien-giang,10.3541,106.6924,2024-03-26,15.440,historical_station_dataset,daily_linear_interpolation,true
Go Cong,tien-giang,10.3541,106.6924,2024-03-27,15.880,historical_station_dataset,daily_linear_interpolation,true
Go Cong,tien-giang,10.3541,106.6924,2024-03-28,16.320,historical_station_dataset,daily_linear_interpolation,true
Go Cong,tien-giang,10.3541,106.6924,2024-03-29,16.760,historical_station_dataset,daily_linear_interpolation,true
Go Cong,tien-giang,10.3541,106.6924,2024-03-30,17.200,historical_station_dataset,daily_linear_interpolation,false
Go Cong,tien-giang,10.3541,106.6924,2024-03-31,17.483,historical_station_dataset,daily_linear_interpolation,true
Go Cong,tien-giang,10.3541,106.6924,2024-04-01,17.767,historical_station_dataset,daily_linear_interpolation,true
Go Cong,tien-giang,10.3541,106.6924,2024-04-02,18.050,historical_station_dataset,daily_linear_interpolation,true
Go Cong,tien-giang,10.3541,106.6924,2024-04-03,18.333,historical_station_dataset,daily_linear_interpolation,true
Go Cong,tien-giang,10.3541,106.6924,2024-04-04,18.617,historical_station_dataset,daily_linear_interpolation,true
Go Cong,tien-giang,10.3541,106.6924,2024-04-05,18.900,historical_station_dataset,daily_linear_interpolation,false
Go Cong,tien-giang,10.3541,106.6924,2024-04-06,19.020,historical_station_dataset,daily_linear_interpolation,true
Go Cong,tien-giang,10.3541,106.6924,2024-04-07,19.140,historical_station_dataset,daily_linear_interpolation,true
Go Cong,tien-giang,10.3541,106.6924,2024-04-08,19.260,historical_station_dataset,daily_linear_interpolation,true
Go Cong,tien-giang,10.3541,106.6924,2024-04-09,19.380,historical_station_dataset,daily_linear_interpolation,true
Go Cong,tien-giang,10.3541,106.6924,2024-04-10,19.500,historical_station_dataset,daily_linear_interpolation,false
Go Cong,tien-giang,10.3541,106.6924,2024-04-11,19.000,historical_station_dataset,daily_linear_interpolation,true
Go Cong,tien-giang,10.3541,106.6924,2024-04-12,18.500,historical_station_dataset,daily_linear_interpolation,true
Go Cong,tien-giang,10.3541,106.6924,2024-04-13,18.000,historical_station_dataset,daily_linear_interpolation,true
Go Cong,tien-giang,10.3541,106.6924,2024-04-14,17.500,historical_station_dataset,daily_linear_interpolation,true
Go Cong,tien-giang,10.3541,106.6924,2024-04-15,17.000,historical_station_dataset,daily_linear_interpolation,false
Go Cong,tien-giang,10.3541,106.6924,2024-04-16,16.240,historical_station_dataset,daily_linear_interpolation,true
Go Cong,tien-giang,10.3541,106.6924,2024-04-17,15.480,historical_station_dataset,daily_linear_interpolation,true
Go Cong,tien-giang,10.3541,106.6924,2024-04-18,14.720,historical_station_dataset,daily_linear_interpolation,true
Go Cong,tien-giang,10.3541,106.6924,2024-04-19,13.960,historical_station_dataset,daily_linear_interpolation,true
Go Cong,tien-giang,10.3541,106.6924,2024-04-20,13.200,historical_station_dataset,daily_linear_interpolation,false
Go Cong,tien-giang,10.3541,106.6924,2024-04-21,12.460,historical_station_dataset,daily_linear_interpolation,true
Go Cong,tien-giang,10.3541,106.6924,2024-04-22,11.720,historical_station_dataset,daily_linear_interpolation,true
Go Cong,tien-giang,10.3541,106.6924,2024-04-23,10.980,historical_station_dataset,daily_linear_interpolation,true
Go Cong,tien-giang,10.3541,106.6924,2024-04-24,10.240,historical_station_dataset,daily_linear_interpolation,true
Go Cong,tien-giang,10.3541,106.6924,2024-04-25,9.500,historical_station_dataset,daily_linear_interpolation,false
Go Cong,tien-giang,10.3541,106.6924,2024-04-26,8.760,historical_station_dataset,daily_linear_interpolation,true
Go Cong,tien-giang,10.3541,106.6924,2024-04-27,8.020,historical_station_dataset,daily_linear_interpolation,true
Go Cong,tien-giang,10.3541,106.6924,2024-04-28,7.280,historical_station_dataset,daily_linear_interpolation,true
Go Cong,tien-giang,10.3541,106.6924,2024-04-29,6.540,historical_station_dataset,daily_linear_interpolation,true
Go Cong,tien-giang,10.3541,106.6924,2024-04-30,5.8,historical_station_dataset,daily_linear_interpolation,false
Xuan Hoa,tien-giang,10.3125,106.4912,2024-01-15,1.100,historical_station_dataset,daily_linear_interpolation,false
Xuan Hoa,tien-giang,10.3125,106.4912,2024-01-16,1.153,historical_station_dataset,daily_linear_interpolation,true
Xuan Hoa,tien-giang,10.3125,106.4912,2024-01-17,1.207,historical_station_dataset,daily_linear_interpolation,true
Xuan Hoa,tien-giang,10.3125,106.4912,2024-01-18,1.260,historical_station_dataset,daily_linear_interpolation,true
Xuan Hoa,tien-giang,10.3125,106.4912,2024-01-19,1.313,historical_station_dataset,daily_linear_interpolation,true
Xuan Hoa,tien-giang,10.3125,106.4912,2024-01-20,1.367,historical_station_dataset,daily_linear_interpolation,true
Xuan Hoa,tien-giang,10.3125,106.4912,2024-01-21,1.420,historical_station_dataset,daily_linear_interpolation,true
Xuan Hoa,tien-giang,10.3125,106.4912,2024-01-22,1.473,historical_station_dataset,daily_linear_interpolation,true
Xuan Hoa,tien-giang,10.3125,106.4912,2024-01-23,1.527,historical_station_dataset,daily_linear_interpolation,true
Xuan Hoa,tien-giang,10.3125,106.4912,2024-01-24,1.580,historical_station_dataset,daily_linear_interpolation,true
Xuan Hoa,tien-giang,10.3125,106.4912,2024-01-25,1.633,historical_station_dataset,daily_linear_interpolation,true
Xuan Hoa,tien-giang,10.3125,106.4912,2024-01-26,1.687,historical_station_dataset,daily_linear_interpolation,true
Xuan Hoa,tien-giang,10.3125,106.4912,2024-01-27,1.740,historical_station_dataset,daily_linear_interpolation,true
Xuan Hoa,tien-giang,10.3125,106.4912,2024-01-28,1.793,historical_station_dataset,daily_linear_interpolation,true
Xuan Hoa,tien-giang,10.3125,106.4912,2024-01-29,1.847,historical_station_dataset,daily_linear_interpolation,true
Xuan Hoa,tien-giang,10.3125,106.4912,2024-01-30,1.900,historical_station_dataset,daily_linear_interpolation,false
Xuan Hoa,tien-giang,10.3125,106.4912,2024-01-31,1.981,historical_station_dataset,daily_linear_interpolation,true
Xuan Hoa,tien-giang,10.3125,106.4912,2024-02-01,2.062,historical_station_dataset,daily_linear_interpolation,true
Xuan Hoa,tien-giang,10.3125,106.4912,2024-02-02,2.144,historical_station_dataset,daily_linear_interpolation,true
Xuan Hoa,tien-giang,10.3125,106.4912,2024-02-03,2.225,historical_station_dataset,daily_linear_interpolation,true
Xuan Hoa,tien-giang,10.3125,106.4912,2024-02-04,2.306,historical_station_dataset,daily_linear_interpolation,true
Xuan Hoa,tien-giang,10.3125,106.4912,2024-02-05,2.388,historical_station_dataset,daily_linear_interpolation,true
Xuan Hoa,tien-giang,10.3125,106.4912,2024-02-06,2.469,historical_station_dataset,daily_linear_interpolation,true
Xuan Hoa,tien-giang,10.3125,106.4912,2024-02-07,2.550,historical_station_dataset,daily_linear_interpolation,true
Xuan Hoa,tien-giang,10.3125,106.4912,2024-02-08,2.631,historical_station_dataset,daily_linear_interpolation,true
Xuan Hoa,tien-giang,10.3125,106.4912,2024-02-09,2.713,historical_station_dataset,daily_linear_interpolation,true
Xuan Hoa,tien-giang,10.3125,106.4912,2024-02-10,2.794,historical_station_dataset,daily_linear_interpolation,true
Xuan Hoa,tien-giang,10.3125,106.4912,2024-02-11,2.875,historical_station_dataset,daily_linear_interpolation,true
Xuan Hoa,tien-giang,10.3125,106.4912,2024-02-12,2.956,historical_station_dataset,daily_linear_interpolation,true
Xuan Hoa,tien-giang,10.3125,106.4912,2024-02-13,3.038,historical_station_dataset,daily_linear_interpolation,true
Xuan Hoa,tien-giang,10.3125,106.4912,2024-02-14,3.119,historical_station_dataset,daily_linear_interpolation,true
Xuan Hoa,tien-giang,10.3125,106.4912,2024-02-15,3.200,historical_station_dataset,daily_linear_interpolation,false
Xuan Hoa,tien-giang,10.3125,106.4912,2024-02-16,3.323,historical_station_dataset,daily_linear_interpolation,true
Xuan Hoa,tien-giang,10.3125,106.4912,2024-02-17,3.446,historical_station_dataset,daily_linear_interpolation,true
Xuan Hoa,tien-giang,10.3125,106.4912,2024-02-18,3.569,historical_station_dataset,daily_linear_interpolation,true
Xuan Hoa,tien-giang,10.3125,106.4912,2024-02-19,3.692,historical_station_dataset,daily_linear_interpolation,true
Xuan Hoa,tien-giang,10.3125,106.4912,2024-02-20,3.815,historical_station_dataset,daily_linear_interpolation,true
Xuan Hoa,tien-giang,10.3125,106.4912,2024-02-21,3.938,historical_station_dataset,daily_linear_interpolation,true
Xuan Hoa,tien-giang,10.3125,106.4912,2024-02-22,4.062,historical_station_dataset,daily_linear_interpolation,true
Xuan Hoa,tien-giang,10.3125,106.4912,2024-02-23,4.185,historical_station_dataset,daily_linear_interpolation,true
Xuan Hoa,tien-giang,10.3125,106.4912,2024-02-24,4.308,historical_station_dataset,daily_linear_interpolation,true
Xuan Hoa,tien-giang,10.3125,106.4912,2024-02-25,4.431,historical_station_dataset,daily_linear_interpolation,true
Xuan Hoa,tien-giang,10.3125,106.4912,2024-02-26,4.554,historical_station_dataset,daily_linear_interpolation,true
Xuan Hoa,tien-giang,10.3125,106.4912,2024-02-27,4.677,historical_station_dataset,daily_linear_interpolation,true
Xuan Hoa,tien-giang,10.3125,106.4912,2024-02-28,4.800,historical_station_dataset,daily_linear_interpolation,false
Xuan Hoa,tien-giang,10.3125,106.4912,2024-02-29,4.927,historical_station_dataset,daily_linear_interpolation,true
Xuan Hoa,tien-giang,10.3125,106.4912,2024-03-01,5.055,historical_station_dataset,daily_linear_interpolation,true
Xuan Hoa,tien-giang,10.3125,106.4912,2024-03-02,5.182,historical_station_dataset,daily_linear_interpolation,true
Xuan Hoa,tien-giang,10.3125,106.4912,2024-03-03,5.309,historical_station_dataset,daily_linear_interpolation,true
Xuan Hoa,tien-giang,10.3125,106.4912,2024-03-04,5.436,historical_station_dataset,daily_linear_interpolation,true
Xuan Hoa,tien-giang,10.3125,106.4912,2024-03-05,5.564,historical_station_dataset,daily_linear_interpolation,true
Xuan Hoa,tien-giang,10.3125,106.4912,2024-03-06,5.691,historical_station_dataset,daily_linear_interpolation,true
Xuan Hoa,tien-giang,10.3125,106.4912,2024-03-07,5.818,historical_station_dataset,daily_linear_interpolation,true
Xuan Hoa,tien-giang,10.3125,106.4912,2024-03-08,5.945,historical_station_dataset,daily_linear_interpolation,true
Xuan Hoa,tien-giang,10.3125,106.4912,2024-03-09,6.073,historical_station_dataset,daily_linear_interpolation,true
Xuan Hoa,tien-giang,10.3125,106.4912,2024-03-10,6.200,historical_station_dataset,daily_linear_interpolation,false
Xuan Hoa,tien-giang,10.3125,106.4912,2024-03-11,6.420,historical_station_dataset,daily_linear_interpolation,true
Xuan Hoa,tien-giang,10.3125,106.4912,2024-03-12,6.640,historical_station_dataset,daily_linear_interpolation,true
Xuan Hoa,tien-giang,10.3125,106.4912,2024-03-13,6.860,historical_station_dataset,daily_linear_interpolation,true
Xuan Hoa,tien-giang,10.3125,106.4912,2024-03-14,7.080,historical_station_dataset,daily_linear_interpolation,true
Xuan Hoa,tien-giang,10.3125,106.4912,2024-03-15,7.300,historical_station_dataset,daily_linear_interpolation,false
Xuan Hoa,tien-giang,10.3125,106.4912,2024-03-16,7.620,historical_station_dataset,daily_linear_interpolation,true
Xuan Hoa,tien-giang,10.3125,106.4912,2024-03-17,7.940,historical_station_dataset,daily_linear_interpolation,true
Xuan Hoa,tien-giang,10.3125,106.4912,2024-03-18,8.260,historical_station_dataset,daily_linear_interpolation,true
Xuan Hoa,tien-giang,10.3125,106.4912,2024-03-19,8.580,historical_station_dataset,daily_linear_interpolation,true
Xuan Hoa,tien-giang,10.3125,106.4912,2024-03-20,8.900,historical_station_dataset,daily_linear_interpolation,false
Xuan Hoa,tien-giang,10.3125,106.4912,2024-03-21,8.680,historical_station_dataset,daily_linear_interpolation,true
Xuan Hoa,tien-giang,10.3125,106.4912,2024-03-22,8.460,historical_station_dataset,daily_linear_interpolation,true
Xuan Hoa,tien-giang,10.3125,106.4912,2024-03-23,8.240,historical_station_dataset,daily_linear_interpolation,true
Xuan Hoa,tien-giang,10.3125,106.4912,2024-03-24,8.020,historical_station_dataset,daily_linear_interpolation,true
Xuan Hoa,tien-giang,10.3125,106.4912,2024-03-25,7.800,historical_station_dataset,daily_linear_interpolation,false
Xuan Hoa,tien-giang,10.3125,106.4912,2024-03-26,8.140,historical_station_dataset,daily_linear_interpolation,true
Xuan Hoa,tien-giang,10.3125,106.4912,2024-03-27,8.480,historical_station_dataset,daily_linear_interpolation,true
Xuan Hoa,tien-giang,10.3125,106.4912,2024-03-28,8.820,historical_station_dataset,daily_linear_interpolation,true
Xuan Hoa,tien-giang,10.3125,106.4912,2024-03-29,9.160,historical_station_dataset,daily_linear_interpolation,true
Xuan Hoa,tien-giang,10.3125,106.4912,2024-03-30,9.500,historical_station_dataset,daily_linear_interpolation,false
Xuan Hoa,tien-giang,10.3125,106.4912,2024-03-31,9.650,historical_station_dataset,daily_linear_interpolation,true
Xuan Hoa,tien-giang,10.3125,106.4912,2024-04-01,9.800,historical_station_dataset,daily_linear_interpolation,true
Xuan Hoa,tien-giang,10.3125,106.4912,2024-04-02,9.950,historical_station_dataset,daily_linear_interpolation,true
Xuan Hoa,tien-giang,10.3125,106.4912,2024-04-03,10.100,historical_station_dataset,daily_linear_interpolation,true
Xuan Hoa,tien-giang,10.3125,106.4912,2024-04-04,10.250,historical_station_dataset,daily_linear_interpolation,true
Xuan Hoa,tien-giang,10.3125,106.4912,2024-04-05,10.400,historical_station_dataset,daily_linear_interpolation,false
Xuan Hoa,tien-giang,10.3125,106.4912,2024-04-06,10.520,historical_station_dataset,daily_linear_interpolation,true
Xuan Hoa,tien-giang,10.3125,106.4912,2024-04-07,10.640,historical_station_dataset,daily_linear_interpolation,true
Xuan Hoa,tien-giang,10.3125,106.4912,2024-04-08,10.760,historical_station_dataset,daily_linear_interpolation,true
Xuan Hoa,tien-giang,10.3125,106.4912,2024-04-09,10.880,historical_station_dataset,daily_linear_interpolation,true
Xuan Hoa,tien-giang,10.3125,106.4912,2024-04-10,11.000,historical_station_dataset,daily_linear_interpolation,false
Xuan Hoa,tien-giang,10.3125,106.4912,2024-04-11,10.620,historical_station_dataset,daily_linear_interpolation,true
Xuan Hoa,tien-giang,10.3125,106.4912,2024-04-12,10.240,historical_station_dataset,daily_linear_interpolation,true
Xuan Hoa,tien-giang,10.3125,106.4912,2024-04-13,9.860,historical_station_dataset,daily_linear_interpolation,true
Xuan Hoa,tien-giang,10.3125,106.4912,2024-04-14,9.480,historical_station_dataset,daily_linear_interpolation,true
Xuan Hoa,tien-giang,10.3125,106.4912,2024-04-15,9.100,historical_station_dataset,daily_linear_interpolation,false
Xuan Hoa,tien-giang,10.3125,106.4912,2024-04-16,8.560,historical_station_dataset,daily_linear_interpolation,true
Xuan Hoa,tien-giang,10.3125,106.4912,2024-04-17,8.020,historical_station_dataset,daily_linear_interpolation,true
Xuan Hoa,tien-giang,10.3125,106.4912,2024-04-18,7.480,historical_station_dataset,daily_linear_interpolation,true
Xuan Hoa,tien-giang,10.3125,106.4912,2024-04-19,6.940,historical_station_dataset,daily_linear_interpolation,true
Xuan Hoa,tien-giang,10.3125,106.4912,2024-04-20,6.400,historical_station_dataset,daily_linear_interpolation,false
Xuan Hoa,tien-giang,10.3125,106.4912,2024-04-21,5.880,historical_station_dataset,daily_linear_interpolation,true
Xuan Hoa,tien-giang,10.3125,106.4912,2024-04-22,5.360,historical_station_dataset,daily_linear_interpolation,true
Xuan Hoa,tien-giang,10.3125,106.4912,2024-04-23,4.840,historical_station_dataset,daily_linear_interpolation,true
Xuan Hoa,tien-giang,10.3125,106.4912,2024-04-24,4.320,historical_station_dataset,daily_linear_interpolation,true
Xuan Hoa,tien-giang,10.3125,106.4912,2024-04-25,3.800,historical_station_dataset,daily_linear_interpolation,false
Xuan Hoa,tien-giang,10.3125,106.4912,2024-04-26,3.380,historical_station_dataset,daily_linear_interpolation,true
Xuan Hoa,tien-giang,10.3125,106.4912,2024-04-27,2.960,historical_station_dataset,daily_linear_interpolation,true
Xuan Hoa,tien-giang,10.3125,106.4912,2024-04-28,2.540,historical_station_dataset,daily_linear_interpolation,true
Xuan Hoa,tien-giang,10.3125,106.4912,2024-04-29,2.120,historical_station_dataset,daily_linear_interpolation,true
Xuan Hoa,tien-giang,10.3125,106.4912,2024-04-30,1.7,historical_station_dataset,daily_linear_interpolation,false
